"SpID","SpeciesID","Description","LightTrap","Drift","Benthic","Sticky","Malaise","Pitfall","FishGut","Fish","RegressionA","RegressionB","Kingdom","Phylum","Class","Order","Suborder","Superfamily","Family","Subfamily","Genus","Species","Habitat","Stage","FFG","Notes","RowVersion"
1,"CHYD","Coleoptera: Hydroscaphidae (Adult)",0,1,0,0,0,0,0,0,0.04,2.64,"Animalia","Arthropoda","Insecta","Coleoptera","Myxophaga","Sphaeriusoidea","Hydroscaphidae",,,,"Aquatic","Adult","ScraperGrazer","Length-mass regression values from Sabo et al. 2002, Table 2, for Coleoptera.",00 00 00 00 00 09 3A D2 
6,"SPID","Araneae (Adult)",1,1,0,1,1,1,1,0,0.05,2.74,"Animalia","Arthropoda","Arachnida","Araneae",,,,,,,"Terrestrial","Adult","Predator","Length-mass regression values from Sabo et al. 2002, Table 2.",00 00 00 00 00 09 3A D3 
7,"MITE","Trombidiformes (Adult)",1,1,1,1,1,0,1,0,0.05,2.33,"Animalia","Arthropoda","Arachnida","Trombidiformes",,,,,,,"Aquatic","Adult","Predator","Length-mass regression values from Gruner 2003, Table 2, for Arachnida. ",00 00 00 00 00 09 3A D4 
8,"SCOR","Scorpiones: Buthidae: Centruroides sculpturatus (Adult)",1,0,0,0,0,1,1,0,7.8e-03,3.42,"Animalia","Arthropoda","Arachnida","Scorpiones","Neoscorpionina","Buthoidea","Buthidae","Centrurinae","Centruroides","sculpturatus","Terrestrial","Adult","Predator","Length-mass regression values from Hodar 1996, Table 2.",00 00 00 00 00 09 3A D5 
10,"CENT","Chilopoda (Adult)",0,1,0,0,0,0,1,0,3.6e-03,2.62,"Animalia","Arthropoda","Chilopoda",,,,,,,,"Terrestrial","Adult","Predator","Length-mass regression values from Hodar 1996, Table 2.",00 00 00 00 00 09 3A D6 
11,"HYDR","Hydrozoa (Adult)",0,1,1,0,0,0,0,0,,,"Animalia","Cnidaria","Hydrozoa",,,,,,,,"Aquatic","Adult","Predator","No longer Identified (after ~ 2010).",00 00 00 00 00 09 3A D7 
12,"CARA","Coleoptera: Carabidae (Adult)",1,1,0,0,1,1,0,0,0.07,2.40,"Animalia","Arthropoda","Insecta","Coleoptera","Adephaga","Caraboidea","Carabidae",,,,"Intermediate","Adult","PredatorWanderer","Length-mass regression values from Sabo et al. 2002, Table 2.",00 00 00 00 00 09 3A D8 
18,"ELML","Coleoptera: Elmidae (Larva)",1,1,1,0,0,0,0,0,7.4e-03,2.87,"Animalia","Arthropoda","Insecta","Coleoptera","Polyphaga","Byrrhoidea","Elmidae",,,,"Aquatic","Larva","ScraperGrazer","Length-mass regression values from Benke et al. 1999, Table 4.",00 00 00 00 00 09 3A D9 
23,"COLE","Coleoptera (Adult)",1,1,1,1,1,1,1,0,0.04,2.64,"Animalia","Arthropoda","Insecta","Coleoptera",,,,,,,"Terrestrial","Adult","Generalist","Length-mass regression values from Sabo et al. 2002, Table 2.",00 00 00 00 00 09 3A DA 
25,"COPE","Maxillopoda (Adult)",0,1,1,0,0,0,1,0,1.0e-03,1.00,"Animalia","Arthropoda","Maxillopoda",,,,,,,,"Aquatic","Adult","Generalist","Length-mass regression values from unknown source.",00 00 00 00 00 09 3A DB 
26,"DAPH","Diplostraca: Daphniidae: Daphnia spp. (Adult)",0,1,1,0,0,0,1,0,2.33e-03,1.00,"Animalia","Arthropoda","Branchiopoda","Diplostraca","Cladocera","Daphnoidea","Daphniidae","Daphniinae","Daphnia",,"Aquatic","Adult","CollectorFilterer","Length-mass regression values from unknown source.",00 00 00 00 00 09 3A DC 
30,"DIPL","Diptera (Larva)",0,1,1,0,0,0,1,0,2.5e-03,2.69,"Animalia","Arthropoda","Insecta","Diptera",,,,,,,"Terrestrial","Larva","Generalist","Length-mass regression values from Benke et al. 1999, Table 2.",00 00 00 00 00 09 3A DD 
32,"BLEL","Diptera: Blephariceridae (Larva)",0,1,1,0,0,0,0,0,6.7e-03,3.29,"Animalia","Arthropoda","Insecta","Diptera","Nematocera","Blephariceroidea","Blephariceridae",,,,"Aquatic","Larva","ScraperGrazer","Length-mass regression values from Benke et al. 1999, Table 4.",00 00 00 00 00 09 3A DE 
35,"CERL","Diptera: Ceratopogonidae (Larva)",0,1,1,0,0,0,0,0,2.5e-03,2.46,"Animalia","Arthropoda","Insecta","Diptera","Nematocera","Chironomoidea","Ceratopogonidae",,,,"Aquatic","Larva","Predator","Length-mass regression values from Benke et al. 1999, Table 4.",00 00 00 00 00 09 3A DF 
36,"CERA","Diptera: Ceratopogonidae (Adult)",1,1,1,1,1,1,1,0,0.10,1.57,"Animalia","Arthropoda","Insecta","Diptera","Nematocera","Chironomoidea","Ceratopogonidae",,,,"Aquatic","Adult","Predator","Length-mass regression values from Sabo et al. 2002, Table 2, for Nematocera.",00 00 00 00 00 09 3A E0 
37,"CHIA","Diptera: Chironomidae (Adult)",1,1,1,1,1,1,1,0,0.10,1.57,"Animalia","Arthropoda","Insecta","Diptera","Nematocera","Chironomoidea","Chironomidae",,,,"Aquatic","Adult","Generalist","Length-mass regression values from Sabo et al. 2002, Table 2, for Nematocera.",00 00 00 00 00 09 3A E1 
38,"CHIL","Diptera: Chironomidae (Larva)",1,1,1,0,0,0,1,0,1.8e-03,2.61,"Animalia","Arthropoda","Insecta","Diptera","Nematocera","Chironomoidea","Chironomidae",,,,"Aquatic","Larva","Generalist","Length-mass regression values from Benke et al. 1999, Table 4.",00 00 00 00 00 09 3A E2 
39,"CHIP","Diptera: Chironomidae (Pupa)",0,1,1,0,0,1,1,0,1.8e-03,2.61,"Animalia","Arthropoda","Insecta","Diptera","Nematocera","Chironomoidea","Chironomidae",,,,"Aquatic","Pupa","NonFeeding","Length-mass regression values from Benke et al. 1999, Table 4, for larvae.",00 00 00 00 00 09 3A E3 
43,"CULA","Diptera: Culicidae (Adult)",1,0,0,1,0,0,1,0,0.03,2.04,"Animalia","Arthropoda","Insecta","Diptera","Nematocera","Culicoidea","Culicidae",,,,"Aquatic","Adult","CollectorFilterer","Length-mass regression values from Sabo et al. 2002, Table 3.",00 00 00 00 00 09 3A E4 
44,"DOLA","Diptera: Dolichopodidae (Adult)",1,1,0,1,1,0,1,0,6.0e-03,3.05,"Animalia","Arthropoda","Insecta","Diptera","Brachycera","Empidoidea","Dolichopodidae",,,,"Intermediate","Adult",,"Length-mass regression values from Sabo et al. 2002, Table 2, for Brachycera.",00 00 00 00 00 09 3A E5 
45,"EMPL","Diptera: Empididae (Larva)",0,1,1,0,0,0,1,0,5.4e-03,2.54,"Animalia","Arthropoda","Insecta","Diptera","Brachycera","Empidoidea","Empididae",,,,"Aquatic","Larva","Predator","Length-mass regression values from Benke et al. 1999, Table 4.",00 00 00 00 00 09 3A E6 
46,"EPHY","Diptera: Ephydridae (Adult)",1,0,0,0,0,0,0,0,6.0e-03,3.05,"Animalia","Arthropoda","Insecta","Diptera","Brachycera","Ephydroidea","Ephydridae",,,,"Aquatic","Adult",,"Length-mass regression values from Sabo et al. 2002, Table 2, for Brachycera.",00 00 00 00 00 09 3A E7 
48,"MUSC","Diptera: Muscomorpha (Suborder) (Adult)",1,1,0,1,1,0,1,0,0.04,2.26,"Animalia","Arthropoda","Insecta","Diptera","Muscomorpha",,,,,,"Terrestrial","Adult",,"Infraorder. Length-mass regression values from Sabo et al. 2002, Table 2, for Diptera.",00 00 00 00 00 09 3A E8 
51,"SIMA","Diptera: Simuliidae (Adult)",1,1,1,1,1,1,1,0,0.10,1.57,"Animalia","Arthropoda","Insecta","Diptera","Nematocera","Chironomoidea","Simuliidae",,,,"Aquatic","Adult","CollectorFilterer","Length-mass regression values from Sabo et al. 2002, Table 2, for Nematocera.",00 00 00 00 00 09 3A E9 
52,"SIML","Diptera: Simuliidae: Simulium spp. (Larva)",1,1,1,0,0,0,1,0,2.0e-03,3.01,"Animalia","Arthropoda","Insecta","Diptera","Nematocera","Chironomoidea","Simuliidae","Simuliinae","Simulium",,"Aquatic","Larva","CollectorFilterer","Length-mass regression values from Benke et al. 1999, Table 4.",00 00 00 00 00 09 3A EA 
53,"SIMP","Diptera: Simuliidae (Pupa)",0,1,1,0,0,0,1,0,2.0e-03,3.01,"Animalia","Arthropoda","Insecta","Diptera","Nematocera","Chironomoidea","Simuliidae",,,,"Aquatic","Pupa","NonFeeding","Length-mass regression values from Benke et al. 1999, Table 4, for larvae.",00 00 00 00 00 09 3A EB 
56,"TABA","Diptera: Tabanidae (Adult)",1,0,0,0,0,0,0,0,6.0e-03,3.05,"Animalia","Arthropoda","Insecta","Diptera","Brachycera","Tabanoidea","Tabanidae",,,,"Aquatic","Adult",,"Length-mass regression values from Sabo et al. 2002, Table 2, for Brachycera.",00 00 00 00 00 09 3A EC 
58,"DIPT","Diptera (Adult)",1,1,1,1,1,1,1,0,0.04,2.26,"Animalia","Arthropoda","Insecta","Diptera",,,,,,,"Terrestrial","Adult","Generalist","Length-mass regression values from Sabo et al. 2002, Table 2.",00 00 00 00 00 09 3A ED 
59,"TIPA","Diptera: Tipulidae (Adult)",1,1,0,1,1,0,0,0,0.10,1.57,"Animalia","Arthropoda","Insecta","Diptera","Nematocera","Tipuloidea","Tipulidae",,,,"Aquatic","Adult","Herbivore","Length-mass regression values from Sabo et al. 2002, Table 2, for Nematocera.",00 00 00 00 00 09 3A EE 
60,"TIPL","Diptera: Tipulidae (Larva)",0,1,1,0,0,0,1,0,2.9e-03,2.68,"Animalia","Arthropoda","Insecta","Diptera","Nematocera","Tipuloidea","Tipulidae",,,,"Aquatic","Larva","Shredder","Length-mass regression values from Benke et al. 1999, Table 4.",00 00 00 00 00 09 3A EF 
62,"EPHL","Ephemeroptera (Larva)",1,1,1,0,0,1,1,0,7.1e-03,2.83,"Animalia","Arthropoda","Insecta","Ephemeroptera",,,,,,,"Aquatic","Larva","Generalist","Length-mass regression values from Benke et al. 1999, Table 2.",00 00 00 00 00 09 3A F0 
63,"EPHA","Ephemeroptera (Adult)",1,1,0,1,0,0,1,0,0.01,2.49,"Animalia","Arthropoda","Insecta","Ephemeroptera",,,,,,,"Aquatic","Adult","Generalist","Length-mass regression values from Sabo et al. 2002, Table 2.",00 00 00 00 00 09 3A F1 
64,"BHS","Cyprinoformes: Catostomidae: Catostomus discobolus (Adult)",0,0,0,0,0,0,0,0,,,"Animalia","Chordata","Actinopterygii","Cyprinoformes","Cyprinoidei","Cobitoidea","Catostomidae","Catostominae","Catostomus","discobolus","Aquatic","Adult","Generalist",,00 00 00 00 00 09 3A F2 
65,"FEGG","Actinopterygii (Egg)",0,1,1,0,0,0,1,0,,,"Animalia","Chordata","Actinopterygii",,,,,,,,"Aquatic","Egg","NonFeeding",,00 00 00 00 00 09 3A F3 
66,"FMS","Cyprinoformes: Catostomidae: Catostomus latipinnis (Adult)",0,1,0,0,0,0,1,0,,,"Animalia","Chordata","Actinopterygii","Cyprinoformes","Cyprinoidei","Cobitoidea","Catostomidae","Catostominae","Catostomus","latipinnis","Aquatic","Adult","Generalist",,00 00 00 00 00 09 3A F4 
67,"HBC","Cyprinoformes: Cyprinidae: Gila cypha (Adult)",0,0,0,0,0,0,0,0,,,"Animalia","Chordata","Actinopterygii","Cyprinoformes","Cyprinoidei","Cyprinoidea","Cyprinidae","Leuciscinae","Gila","cypha","Aquatic","Adult","Predator",,00 00 00 00 00 09 3A F5 
68,"RBT","Salmoniformes: Salmonidae: Oncorhynchus mykiss (Adult)",0,0,0,0,0,0,1,1,,,"Animalia","Chordata","Actinopterygii","Salmoniformes","Salmonoidei","Salmonoidea","Salmonidae","Salmoninae","Oncorhynchus","mykiss","Aquatic","Adult","Predator",,00 00 00 00 00 09 3A F6 
69,"FHM","Cyprinoformes: Cyprinidae: Pimephales promelas (Adult)",0,0,0,0,0,0,0,1,,,"Animalia","Chordata","Actinopterygii","Cyprinoformes","Cyprinoidei","Cyprinoidea","Cyprinidae","Leuciscinae","Pimephales","promelas","Aquatic","Adult","CollectorFilterer",,00 00 00 00 00 09 3A F7 
70,"SPD","Cyprinoformes: Cyprinidae: Rhinichthys osculus (Adult)",0,0,0,0,0,0,0,0,,,"Animalia","Chordata","Actinopterygii","Cyprinoformes","Cyprinoidei","Cyprinoidea","Cyprinidae","Leuciscinae","Rhinichthys","osculus","Aquatic","Adult","CollectorGatherer",,00 00 00 00 00 09 3A F8 
71,"BNT","Salmoniformes: Salmonidae: Salmo trutta (Adult)",0,0,0,0,0,0,0,1,,,"Animalia","Chordata","Actinopterygii","Salmoniformes","Salmonoidei","Salmonoidea","Salmonidae","Salmoninae","Salmo","trutta","Aquatic","Adult","Predator",,00 00 00 00 00 09 3A F9 
72,"CYP","Cyprinoformes (Adult)",0,0,0,0,0,0,0,0,,,"Animalia","Chordata","Actinopterygii","Cyprinoformes",,,,,,,"Aquatic","Adult","Generalist",,00 00 00 00 00 09 3A FA 
73,"SUC","Cyprinoformes: Catostomidae (Adult)",0,0,0,0,0,0,0,0,,,"Animalia","Chordata","Actinopterygii","Cyprinoformes","Cyprinoidei","Cobitoidea","Catostomidae",,,,"Aquatic","Adult","Generalist",,00 00 00 00 00 09 3A FB 
74,"FISH","Actinopterygii (Adult)",0,0,1,0,0,0,1,0,,,"Animalia","Chordata","Actinopterygii",,,,,,,,"Aquatic","Adult","Generalist",,00 00 00 00 00 09 3A FC 
76,"NZMS","Littorinimorpha: Tateidae: Potamopyrgus antipodarum (Adult)",1,1,1,0,0,1,1,0,0.02,2.43,"Animalia","Mollusca","Gastropoda","Littorinimorpha","Hypogastropoda","Truncatelloidea","Tateidae","Tateinae","Potamopyrgus","antipodarum","Aquatic","Adult",,"Length-mass regression values from Cross et al. 2010, Methods text, for AFDM.",00 00 00 00 00 09 3A FD 
78,"GASN","Gastropoda (Adult)",0,1,1,0,0,0,1,0,0.02,3.03,"Animalia","Mollusca","Gastropoda",,,,,,,,"Aquatic","Adult","ScraperGrazer","Length-mass regression values from Benke et al. 1999, Appendix 2, average of Gastropoda values, for AFDM.",00 00 00 00 00 09 3A FE 
79,"PHYS","Hygrophila: Physidae (Adult)",0,1,1,0,0,0,1,0,0.02,3.03,"Animalia","Mollusca","Gastropoda","Hygrophila","Branchiopulmonata","Planorboidea","Physidae",,,,"Aquatic","Adult","ScraperGrazer","Length-mass regression values from Benke et al. 1999, Appendix 2, average of Gastropoda values, for AFDM.",00 00 00 00 00 09 3A FF 
82,"CORI","Hemiptera: Corixidae (Adult)",1,1,1,0,0,0,0,0,3.1e-03,2.90,"Animalia","Arthropoda","Insecta","Hemiptera","Heteroptera","Corixoidea","Corixidae",,,,"Aquatic","Adult","ScraperGrazer","Length-mass regression values from Benke et al. 1999, Appendix 1, for Sigara spp., for dry mass.",00 00 00 00 00 09 3B 01 
83,"HEMA","Hemiptera (Adult)",1,1,1,1,1,1,1,0,3.07,-4.78,"Animalia","Arthropoda","Insecta","Hemiptera",,,,,,,"Terrestrial","Adult","Generalist","Length-mass regression values from Sample et al. 1993, Table 1. ",00 00 00 00 00 09 3B 02 
84,"COLL","Collembola (Adult)",1,1,1,1,1,1,1,0,2.4e-03,3.67,"Animalia","Arthropoda","Entognatha","Collembola",,,,,,,"Intermediate","Adult","Generalist","Length-mass regression values from Hodar 1996, Table 2.",00 00 00 00 00 09 3B 03 
87,"FORM","Hymenoptera: Formicidae (Adult)",1,1,0,1,1,1,1,0,0.02,2.67,"Animalia","Arthropoda","Insecta","Hymenoptera","Apocrita","Formicoidea","Formicidae",,,,"Terrestrial","Adult","Generalist","Length-mass regression values from Sabo et al. 2002, Table 3.",00 00 00 00 00 09 3B 04 
91,"HYMA","Hymenoptera (Adult)",1,1,1,1,1,1,1,0,0.56,1.56,"Animalia","Arthropoda","Insecta","Hymenoptera",,,,,,,"Terrestrial","Adult","Generalist","Length-mass regression values from Sabo et al. 2002, Table 2.",00 00 00 00 00 09 3B 05 
92,"INSM","Insecta (Adult)",0,1,1,1,0,0,1,0,0.12,2.48,"Animalia","Arthropoda","Insecta",,,,,,,,"Terrestrial","Adult","Generalist","Length-mass regression values from Sabo et al. 2002, Table 2, average value for terrestrial insects. ",00 00 00 00 00 09 3B 06 
94,"CISP","Lepidoptera: Erebidae: Cisthene spp. (Adult)",1,0,0,1,1,0,1,0,2.65,-3.75,"Animalia","Arthropoda","Insecta","Lepidoptera","Glossota","Noctuoidea","Erebidae","Arctiinae","Cisthene",,"Terrestrial","Adult","Herbivore","Likely almost always C. angelus. Family formerly Arctiidae. Length-mass regression values from Sample et al. 1993, Table 1, for Arctiidae.",00 00 00 00 00 09 3B 07 
97,"CLAM","Veneroida: Corbiculoidea (Superfamily) (Adult)",0,1,1,0,0,0,1,0,1.5e-03,3.40,"Animalia","Mollusca","Bivalvia","Veneroida","Sphaeriacea","Corbiculoidea",,,,,"Aquatic","Adult","CollectorFilterer","Generally Pisidiidae or Corbicula. Length-mass regression values from Benke et al. 1999, Appendix 2, for two Corbicula spp., for AFDM.",00 00 00 00 00 09 3B 08 
98,"NEMA","Nematoda (Adult)",1,1,1,0,0,0,1,0,0.39,2.08,"Animalia","Nematoda",,,,,,,,,"Aquatic","Adult","Predator","Length-mass regression values from Hodar 1996, Table 2.",00 00 00 00 00 09 3B 09 
102,"NOBU","Empty",1,1,1,1,0,1,1,0,,,"Empty",,,,,,,,,,,,,,00 00 00 00 00 09 3B 0A 
103,"DRAA","Odonata: Anisoptera (Suborder) (Adult)",1,0,0,0,0,0,0,0,0.14,2.27,"Animalia","Arthropoda","Insecta","Odonata","Anisoptera",,,,,,"Aquatic","Adult","Predator","Length-mass regression values from Sabo et al. 2002, Table 2, for Odonata.",00 00 00 00 00 09 3B 0B 
104,"DRAL","Odonata: Anisoptera (Suborder) (Larva)",0,1,0,0,0,0,0,0,0.46,2.88,"Animalia","Arthropoda","Insecta","Odonata","Anisoptera",,,,,,"Aquatic","Larva","Predator","Length-mass regression values from Benke et al. 1999, Appendix 1, average of values for all species of Anisoptera. ",00 00 00 00 00 09 3B 0C 
105,"DAMA","Odonata: Zygoptera (Suborder) (Adult)",1,0,0,0,0,0,0,0,0.14,2.27,"Animalia","Arthropoda","Insecta","Odonata","Zygoptera",,,,,,"Aquatic","Adult","Predator","Length-mass regression values from Sabo et al. 2002, Table 2, for Odonata.",00 00 00 00 00 09 3B 0D 
106,"DAML","Odonata: Zygoptera (Suborder) (Larva)",0,1,1,0,0,0,0,0,0.21,2.84,"Animalia","Arthropoda","Insecta","Odonata","Zygoptera",,,,,,"Aquatic","Larva","Predator","Length-mass regression values from Benke et al. 1999, Appendix 1, average of all values for species of Zygoptera. ",00 00 00 00 00 09 3B 0E 
109,"ORTH","Orthoptera (Adult)",1,1,0,1,0,1,1,0,0.03,2.55,"Animalia","Arthropoda","Insecta","Orthoptera",,,,,,,"Terrestrial","Adult","Herbivore","Length-mass regression values from Sabo et al. 2002, Table 2.",00 00 00 00 00 09 3B 0F 
110,"OSTR","Ostracoda (Adult)",0,1,1,0,0,0,0,0,1.6e-03,4.24,"Animalia","Arthropoda","Ostracoda",,,,,,,,"Aquatic","Adult","Generalist","Length-mass regression values from unknown source.",00 00 00 00 00 09 3B 10 
111,"PLAN","Tricladida: Planariidae (Adult)",0,1,1,0,0,0,1,0,9.5e-03,2.15,"Animalia","Platyhelminthes","Rhabditophora","Tricladida","Continenticola","Planarioidea","Planariidae",,,,"Aquatic","Adult","Predator","Length-mass regression values from Benke et al. 1999, Appendix 1, average of two species values.",00 00 00 00 00 09 3B 11 
112,"TARD","Tardigrada (Adult)",0,1,1,0,0,0,0,0,,,"Animalia","Tardigrada",,,,,,,,,"Aquatic","Adult","Generalist",,00 00 00 00 00 09 3B 12 
115,"THYS","Thysanoptera (Adult)",1,1,1,1,1,1,1,0,7.1e-03,2.53,"Animalia","Arthropoda","Insecta","Thysanoptera",,,,,,,"Terrestrial","Adult","Herbivore","Length-mass regression values from Hodar 1996, Table 2.",00 00 00 00 00 09 3B 13 
116,"HYPL","Trichoptera: Hydropsychidae (Larva)",0,1,1,0,0,0,0,0,4.6e-03,2.92,"Animalia","Arthropoda","Insecta","Trichoptera","Annulipalpia","Hydropsychoidea","Hydropsychidae",,,,"Aquatic","Larva","CollectorFilterer","Length-mass regression values from Benke et al. 1999, Table 4.",00 00 00 00 00 09 3B 14 
117,"HYDL","Trichoptera: Hydroptilidae (Larva)",0,1,1,0,0,0,1,0,5.6e-03,2.83,"Animalia","Arthropoda","Insecta","Trichoptera","Spicipalpia","Hydroptiloidea","Hydroptilidae",,,,"Aquatic","Larva","ScraperGrazer","Length-mass regression values from Benke et al. 1999, Table 2, for Trichoptera.",00 00 00 00 00 09 3B 15 
119,"HYDA","Trichoptera: Hydroptilidae (Adult)",1,1,1,1,1,0,1,0,0.01,2.41,"Animalia","Arthropoda","Insecta","Trichoptera","Spicipalpia","Hydroptiloidea","Hydroptilidae",,,,"Aquatic","Adult","NonFeeding","Length-mass regression values from Sabo et al. 2002, Table 2, for Trichoptera.",00 00 00 00 00 09 3B 16 
120,"RHYL","Trichoptera: Rhyacophilidae: Rhyacophila spp. (Larva)",0,1,1,0,0,0,1,0,9.9e-03,2.48,"Animalia","Arthropoda","Insecta","Trichoptera","Spicipalpia","Rhyacophiloidea","Rhyacophilidae","Rhyacophilinae","Rhyacophila",,"Aquatic","Larva","Predator","Length-mass regression values from Benke et al. 1999, Appendix 1.",00 00 00 00 00 09 3B 17 
121,"TRIL","Trichoptera (Larva)",1,1,1,0,0,0,1,0,5.6e-03,2.83,"Animalia","Arthropoda","Insecta","Trichoptera",,,,,,,"Aquatic","Larva","Generalist","Length-mass regression values from Benke et al. 1999, Table 2.",00 00 00 00 00 09 3B 18 
122,"TRIA","Trichoptera (Adult)",1,1,1,1,0,0,1,0,0.01,2.90,"Animalia","Arthropoda","Insecta","Trichoptera",,,,,,,"Aquatic","Adult","Generalist","Length-mass regression values from Sabo et al. 2002, Table 2.",00 00 00 00 00 09 3B 19 
123,"CICA","Hemiptera: Cicadidae (Adult)",1,1,0,0,0,0,1,0,4.0e-03,3.37,"Animalia","Arthropoda","Insecta","Hemiptera","Auchenorrhyncha","Cicadoidea","Cicadidae",,,,"Terrestrial","Adult","Herbivore","Length-mass regression values from Sabo et al. 2002, Table 2.",00 00 00 00 00 09 3B 1A 
125,"TAMA","Coleoptera: Chrysomelidae: Diorhabda elongata-complex (Adult)",1,1,0,1,1,1,1,0,0.04,2.64,"Animalia","Arthropoda","Insecta","Coleoptera","Polyphaga","Chrysomeloidea","Chrysomelidae","Galerucinae","Diorhabda","elongata-complex","Terrestrial","Adult","Herbivore","Length-mass regression values from Sabo et al. 2002, Table 2, for Coleoptera. ",00 00 00 00 00 09 3B 1B 
129,"BLAT","Blattodea (Adult)",1,1,0,0,0,0,0,0,0.04,2.34,"Animalia","Arthropoda","Insecta","Blattodea",,,,,,,"Terrestrial","Adult","Generalist","Length-mass regression values from Hodar 1996, Table 2.",00 00 00 00 00 09 3B 1C 
130,"ISOP","Isopoda (Adult)",0,0,0,0,0,1,1,0,0.01,2.84,"Animalia","Arthropoda","Malacostraca","Isopoda",,,,,,,"Terrestrial","Adult","Generalist","Length-mass regression values from Hodar 1996, Table 2.",00 00 00 00 00 09 3B 1D 
131,"STAA","Coleoptera: Staphylinidae (Adult)",1,1,1,1,1,1,1,0,1.0e-03,4.03,"Animalia","Arthropoda","Insecta","Coleoptera","Polyphaga","Staphylinoidea","Staphylinidae",,,,"Intermediate","Adult","PredatorWanderer","Length-mass regression values from Sabo et al. 2002, Table 3.",00 00 00 00 00 09 3B 1E 
132,"EMPA","Diptera: Empididae (Adult)",1,1,0,1,1,0,1,0,6.0e-03,3.05,"Animalia","Arthropoda","Insecta","Diptera","Brachycera","Empidoidea","Empididae",,,,"Aquatic","Adult","Generalist","Length-mass regression values from Sabo et al. 2002, Table 2, for Brachycera.",00 00 00 00 00 09 3B 1F 
160,"TICK","Ixodida (Adult)",1,1,1,0,0,1,0,0,0.05,2.33,"Animalia","Arthropoda","Arachnida","Ixodida",,,,,,,"Terrestrial","Adult","Predator","Length-mass regression values from Gruner 2003, Table 2, for Arachnida. ",00 00 00 00 00 09 3B 20 
185,"GSF","Perciformes: Centrarchidae: Lepomis cyanellus (Adult)",0,0,0,0,0,0,0,0,,,"Animalia","Chordata","Actinopterygii","Perciformes","Percoidei","Percoidea","Centrarchidae","Lepominae","Lepomis","cyanellus","Aquatic","Adult","Predator",,00 00 00 00 00 09 3B 21 
196,"HYTR","Coleoptera: Hydrophilidae: Hydrophilus triangularis (Adult)",1,0,0,0,0,0,0,0,0.04,2.64,"Animalia","Arthropoda","Insecta","Coleoptera","Polyphaga","Hydrophiloidea","Hydrophilidae","Hydrophilinae","Hydrophilus","triangularis","Aquatic","Adult","CollectorGatherer","Length-mass regression values from Sabo et al. 2002, Table 2, for Coleoptera. ",00 00 00 00 00 09 3B 22 
197,"CICI","Coleoptera: Carabidae: Cicindelinae (Subfamily) (Adult)",1,0,0,1,0,0,0,0,5.0e-03,2.73,"Animalia","Arthropoda","Insecta","Coleoptera","Adephaga","Caraboidea","Carabidae","Cicindelinae",,,"Intermediate","Adult","Predator","Length-mass regression values from Sabo et al. 2002, Table 3, for Carabidae.",00 00 00 00 00 09 3B 23 
198,"PSEU","Pseudoscorpiones (Adult)",1,1,0,0,0,0,0,0,0.05,2.33,"Animalia","Arthropoda","Arachnida","Pseudoscorpiones",,,,,,,"Terrestrial","Adult","Predator","Length-mass regression values from Gruner 2003, Table 2, for Arachnida. ",00 00 00 00 00 09 3B 24 
200,"EMPP","Diptera: Empididae (Pupa)",0,1,1,0,0,0,1,0,5.4e-03,2.54,"Animalia","Arthropoda","Insecta","Diptera","Brachycera","Empidoidea","Empididae",,,,"Aquatic","Pupa","NonFeeding","Length-mass regression values from Benke et al. 1999, Table 4, for larvae.",00 00 00 00 00 09 3B 25 
201,"SMB","Perciformes: Centrarchidae: Micropterus dolomieu (Adult)",0,0,0,0,0,0,0,0,,,"Animalia","Chordata","Actinopterygii","Perciformes","Percoidei","Percoidea","Centrarchidae","Lepominae","Micropterus","dolomieu","Aquatic","Adult","Predator",,00 00 00 00 00 09 3B 26 
202,"OPST","Hemiptera: Cicadellidae: Opsius stactogalus (Adult)",1,0,0,1,1,0,0,0,0.07,2.23,"Animalia","Arthropoda","Insecta","Hemiptera","Auchenorrhyncha","Cicadoidea","Cicadellidae","Deltocephalinae","Opsius","stactogalus","Terrestrial","Adult","Herbivore","Length-mass regression values from Sabo et al. 2002, Table 3, for Cicadellidae.",00 00 00 00 00 09 3B 27 
204,"HYLI","Lepidoptera: Sphingidae: Hyles lineata (Adult)",1,0,0,0,0,0,0,0,0.01,2.31,"Animalia","Arthropoda","Insecta","Lepidoptera","Glossota","Bombycoidea","Sphingidae","Macroglossinae","Hyles","lineata","Terrestrial","Adult","Herbivore","Length-mass regression values from Gruner 2003, Table 1, for Lepidoptera.",00 00 00 00 00 09 3B 28 
207,"PLEL","Plecoptera (Larva)",0,1,1,0,0,0,0,0,9.4e-03,2.75,"Animalia","Arthropoda","Insecta","Plecoptera",,,,,,,"Aquatic","Larva","Generalist","Length-mass regression values from Benke et al. 1999, Table 2.",00 00 00 00 00 09 3B 29 
208,"STB","Perciformes: Moronidae: Morone saxatilis (Adult)",0,0,0,0,0,0,0,0,,,"Animalia","Chordata","Actinopterygii","Perciformes","Percoidei","Percoidea","Moronidae","Moroninae","Morone","saxatilis","Aquatic","Adult",,,00 00 00 00 00 09 3B 2A 
209,"MECO","Megaloptera: Corydalidae: Corydalus spp. (Adult)",1,1,0,0,0,0,0,0,2.66,-4.73,"Animalia","Arthropoda","Insecta","Megaloptera","Sialodea","Sialoidea","Corydalidae","Corydalinae","Corydalus",,"Aquatic","Adult","Predator","Length-mass regression values from Sample et al. 1993, Table 1.",00 00 00 00 00 09 3B 2B 
211,"MAQU","Lepidoptera: Sphingidae: Manduca quinquemaculatus (Adult)",1,0,0,0,0,0,0,0,0.01,2.69,"Animalia","Arthropoda","Insecta","Lepidoptera","Glossota","Bombycoidea","Sphingidae","Sphinginae","Manduca","quinquemaculatus","Terrestrial","Adult",,"Length-mass regression values from Sabo et al. 2002, Table 2, for Lepidoptera. ",00 00 00 00 00 09 3B 2C 
212,"TERM","Blattodea: Isoptera (Suborder) (Adult)",1,1,0,1,0,0,0,0,2.49,-3.62,"Animalia","Arthropoda","Insecta","Blattodea","Isoptera",,,,,,"Terrestrial","Adult","Herbivore","Length-mass regression values from Sample et al. 1993, Table 1, for Insecta. ",00 00 00 00 00 0A D0 B3 
213,"LEPL","Lepidoptera (Larva)",0,1,0,1,1,0,0,0,2.96,-5.91,"Animalia","Arthropoda","Insecta","Lepidoptera",,,,,,,"Terrestrial","Larva","Herbivore","Length-mass regression values from Sample et al. 1993, Table 1, for Lepidoptera.",00 00 00 00 00 09 3B 2E 
214,"TAML","Coleoptera: Chrysomelidae: Diorhabda elongata-complex (Larva)",1,1,0,0,0,0,1,0,0.03,3.11,"Animalia","Arthropoda","Insecta","Coleoptera","Polyphaga","Chrysomeloidea","Chrysomelidae","Galerucinae","Diorhabda","elongata-complex","Terrestrial","Larva","Herbivore","Length-mass regression values from Benke et al. 1999, Table 4, for Chrysomelidae.",00 00 00 00 00 09 3B 2F 
215,"TRIP","Trichoptera (Pupa)",0,1,1,0,0,0,0,0,5.6e-03,2.83,"Animalia","Arthropoda","Insecta","Trichoptera",,,,,,,"Aquatic","Pupa","NonFeeding","Length-mass regression values from Benke et al. 1999, Table 2, for larvae.",00 00 00 00 00 09 3B 30 
216,"CERP","Diptera: Ceratopogonidae (Pupa)",0,1,1,0,0,0,1,0,2.5e-03,2.46,"Animalia","Arthropoda","Insecta","Diptera","Nematocera","Chironomoidea","Ceratopogonidae",,,,"Aquatic","Pupa","NonFeeding","Length-mass regression values from Benke et al. 1999, Table 4, for larvae.",00 00 00 00 00 09 3B 31 
218,"LEPA","Lepidoptera (Adult)",1,1,1,1,1,1,1,0,0.01,2.69,"Animalia","Arthropoda","Insecta","Lepidoptera",,,,,,,"Terrestrial","Adult","Herbivore","Length-mass regression values from Sabo et al. 2002, Table 2, for Petrophila spp.",00 00 00 00 00 09 3B 32 
219,"RHCO","Trichoptera: Rhyacophilidae: Rhyacophila coloradensis (Adult)",1,0,0,0,1,0,0,0,0.01,2.90,"Animalia","Arthropoda","Insecta","Trichoptera","Spicipalpia","Rhyacophiloidea","Rhyacophilidae","Rhyacophilinae","Rhyacophila","coloradensis","Aquatic","Adult","Predator","Length-mass regression values from Sabo et al. 2002, Table 2, for Trichoptera. ",00 00 00 00 00 09 3B 33 
220,"RHSP","Trichoptera: Rhyacophilidae: Rhyacophila spp. (Adult)",1,0,0,0,1,0,0,0,0.01,2.90,"Animalia","Arthropoda","Insecta","Trichoptera","Spicipalpia","Rhyacophiloidea","Rhyacophilidae","Rhyacophilinae","Rhyacophila",,"Aquatic","Adult","Predator","Length-mass regression values from Sabo et al. 2002, Table 2, for Trichoptera. ",00 00 00 00 00 09 3B 34 
221,"CHSP","Trichoptera: Philopotamidae: Chimarra spp. (Adult)",1,0,0,1,0,0,0,0,0.01,2.90,"Animalia","Arthropoda","Insecta","Trichoptera","Annulipalpia","Philopotamoidea","Philopotamidae","Chimarrinae","Chimarra",,"Aquatic","Adult",,"Length-mass regression values from Sabo et al. 2002, Table 2, for Trichoptera. ",00 00 00 00 00 09 3B 35 
222,"HYOS","Trichoptera: Hydropsychidae: Hydropsyche oslari (Adult)",1,0,1,1,1,0,0,0,0.05,2.30,"Animalia","Arthropoda","Insecta","Trichoptera","Annulipalpia","Hydropsychoidea","Hydropsychidae","Hydropsychinae","Hydropsyche","oslari","Aquatic","Adult","CollectorFilterer","Length-mass regression values from Sabo et al. 2002, Table 3, for Hydropsychidae. ",00 00 00 00 00 09 3B 36 
226,"FLEA","Siphonaptera (Adult)",1,0,0,0,0,0,0,0,2.49,-3.62,"Animalia","Arthropoda","Insecta","Siphonaptera",,,,,,,"Terrestrial","Adult","Predator","Length-mass regression values from Sample et al. 1993, Table 1, for Insecta. ",00 00 00 00 00 09 3B 37 
228,"NOTO","Hemiptera: Notonectidae (Adult)",1,0,0,0,0,0,0,0,3.07,-4.78,"Animalia","Arthropoda","Insecta","Hemiptera","Heteroptera","Notonectoidea","Notonectidae",,,,"Aquatic","Adult","Predator","Length-mass regression values from Sample et al. 1993, Table 1, for Hemiptera. ",00 00 00 00 00 09 3B 38 
229,"LESP","Trichoptera: Leptoceridae (Adult)",1,0,0,0,0,0,0,0,0.01,2.90,"Animalia","Arthropoda","Insecta","Trichoptera","Integripalpia","Leptoceroidea","Leptoceridae",,,,"Aquatic","Adult","CollectorGatherer","Length-mass regression values from Sabo et al. 2002, Table 2, for Trichoptera. ",00 00 00 00 00 09 3B 39 
232,"HYOC","Trichoptera: Hydropsychidae: Hydropsyche occidentalis (Adult)",1,0,0,0,0,0,0,0,0.05,2.30,"Animalia","Arthropoda","Insecta","Trichoptera","Annulipalpia","Hydropsychoidea","Hydropsychidae","Hydropsychinae","Hydropsyche","occidentalis","Aquatic","Adult","CollectorFilterer","Length-mass regression values from Sabo et al. 2002, Table 3, for Hydropsychidae. ",00 00 00 00 00 09 3B 3A 
233,"POHA","Trichoptera: Polycentropodidae: Polycentropus halidus (Adult)",1,0,0,0,0,0,0,0,0.01,2.90,"Animalia","Arthropoda","Insecta","Trichoptera","Annulipalpia","Hydropsychoidea","Polycentropodidae","Polycentropodinae","Polycentropus","halidus","Aquatic","Adult","Predator","Length-mass regression values from Sabo et al. 2002, Table 2, for Trichoptera. ",00 00 00 00 00 09 3B 3B 
234,"CHRI","Trichoptera: Philopotamidae: Chimarra ridleyi (Adult)",1,0,0,0,0,0,0,0,0.01,2.90,"Animalia","Arthropoda","Insecta","Trichoptera","Annulipalpia","Philopotamoidea","Philopotamidae","Chimarrinae","Chimarra","ridleyi","Aquatic","Adult",,"Length-mass regression values from Sabo et al. 2002, Table 2, for Trichoptera. ",00 00 00 00 00 09 3B 3C 
235,"AGSP","Trichoptera: Sericostomatidae: Agarodes spp. (Adult)",1,0,0,0,0,0,0,0,0.01,2.90,"Animalia","Arthropoda","Insecta","Trichoptera","Integripalpia","Sericostomatoidea","Sericostomatidae","Sericostomatinae","Agarodes",,"Aquatic","Adult",,"Length-mass regression values from Sabo et al. 2002, Table 2, for Trichoptera. ",00 00 00 00 00 09 3B 3D 
236,"NESP","Trichoptera: Leptoceridae: Nectopsyche spp. (Adult)",1,0,0,0,0,0,0,0,0.01,2.90,"Animalia","Arthropoda","Insecta","Trichoptera","Integripalpia","Leptoceroidea","Leptoceridae","Leptocerinae","Nectopsyche",,"Aquatic","Adult","CollectorGatherer","Length-mass regression values from Sabo et al. 2002, Table 2, for Trichoptera. ",00 00 00 00 00 09 3B 3E 
238,"HYPA","Trichoptera: Hydropsychidae (Adult)",1,1,1,0,0,0,0,0,0.05,2.30,"Animalia","Arthropoda","Insecta","Trichoptera","Annulipalpia","Hydropsychoidea","Hydropsychidae",,,,"Aquatic","Adult","CollectorFilterer","Length-mass regression values from Sabo et al. 2002, Table 3, for Hydropsychidae. ",00 00 00 00 00 09 3B 3F 
239,"RHYA","Trichoptera: Rhyacophilidae (Adult)",1,1,0,0,0,0,0,0,0.01,2.90,"Animalia","Arthropoda","Insecta","Trichoptera","Spicipalpia","Rhyacophiloidea","Rhyacophilidae",,,,"Aquatic","Adult","Predator","Length-mass regression values from Sabo et al. 2002, Table 2, for Trichoptera. ",00 00 00 00 00 09 3B 40 
240,"TISP","Trichoptera: Psychomyiidae: Tinodes spp. (Adult)",1,0,0,0,0,0,0,0,0.01,2.90,"Animalia","Arthropoda","Insecta","Trichoptera","Annulipalpia","Hydropsychoidea","Psychomyiidae","Psychomyiinae","Tinodes",,"Aquatic","Adult","CollectorGatherer","Length-mass regression values from Sabo et al. 2002, Table 2, for Trichoptera. ",00 00 00 00 00 09 3B 41 
242,"CHUT","Trichoptera: Philopotamidae: Chimarra utahensis (Adult)",1,0,0,0,0,0,0,0,0.01,2.90,"Animalia","Arthropoda","Insecta","Trichoptera","Annulipalpia","Philopotamoidea","Philopotamidae","Chimarrinae","Chimarra","utahensis","Aquatic","Adult",,"Length-mass regression values from Sabo et al. 2002, Table 2, for Trichoptera. ",00 00 00 00 00 09 3B 42 
245,"HYSP","Trichoptera: Hydropsychidae: Hydropsyche spp. (Adult)",1,1,1,1,1,0,0,0,0.05,2.30,"Animalia","Arthropoda","Insecta","Trichoptera","Annulipalpia","Hydropsychoidea","Hydropsychidae","Hydropsychinae","Hydropsyche",,"Aquatic","Adult","CollectorFilterer","Length-mass regression values from Sabo et al. 2002, Table 3, for Hydropsychidae.",00 00 00 00 00 09 3B 43 
247,"SMSP","Trichoptera: Hydropsychidae: Smicridea spp. (Adult)",1,0,0,0,0,0,0,0,0.05,2.30,"Animalia","Arthropoda","Insecta","Trichoptera","Annulipalpia","Hydropsychoidea","Hydropsychidae","Smicrideainae","Smicridea",,"Aquatic","Adult","CollectorFilterer","Length-mass regression values from Sabo et al. 2002, Table 3, for Hydropsychidae. ",00 00 00 00 00 09 3B 44 
248,"CHEP","Trichoptera: Hydropsychidae: Cheumatopsyche spp. (Adult)",1,0,0,0,0,0,0,0,0.05,2.30,"Animalia","Arthropoda","Insecta","Trichoptera","Annulipalpia","Hydropsychoidea","Hydropsychidae","Hydropsychinae","Cheumatopsyche",,"Aquatic","Adult","CollectorFilterer","Length-mass regression values from Sabo et al. 2002, Table 3, for Hydropsychidae. ",00 00 00 00 00 09 3B 45 
250,"HESP","Trichoptera: Helicopsychidae: Helicopsyche spp. (Adult)",1,0,0,0,0,0,0,0,0.01,2.90,"Animalia","Arthropoda","Insecta","Trichoptera","Integripalpia","Sericostomatoidea","Helicopsychidae","Helicopsychinae","Helicopsyche",,"Aquatic","Adult","ScraperGrazer","Length-mass regression values from Sabo et al. 2002, Table 2, for Trichoptera. ",00 00 00 00 00 09 3B 46 
257,"HEBO","Trichoptera: Helicopsychidae: Helicopsyche borealis (Adult)",1,0,0,0,0,0,0,0,0.01,2.90,"Animalia","Arthropoda","Insecta","Trichoptera","Integripalpia","Sericostomatoidea","Helicopsychidae","Helicopsychinae","Helicopsyche","borealis","Aquatic","Adult","ScraperGrazer","Length-mass regression values from Sabo et al. 2002, Table 2, for Trichoptera. ",00 00 00 00 00 09 3B 47 
259,"BASP","Ephemeroptera: Baetidae: Baetis spp. (Adult)",1,1,0,0,0,0,0,0,0.01,2.49,"Animalia","Arthropoda","Insecta","Ephemeroptera","Pisciforma","Baetoidea","Baetidae","Baetinae","Baetis",,"Aquatic","Adult","CollectorGatherer","Length-mass regression values from Sabo et al. 2002, Table 2, for Ephemeroptera. ",00 00 00 00 00 09 3B 48 
261,"BRSP","Ephemeroptera: Baetidae: Barbaetis spp. (Adult)",1,0,0,0,0,0,0,0,0.01,2.49,"Animalia","Arthropoda","Insecta","Ephemeroptera","Pisciforma","Baetoidea","Baetidae","Baetinae","Barbaetis",,"Aquatic","Adult","CollectorGatherer","Length-mass regression values from Sabo et al. 2002, Table 2, for Ephemeroptera. ",00 00 00 00 00 09 3B 49 
262,"FASP","Ephemeroptera: Baetidae: Fallceon spp. (Adult)",1,0,0,0,0,0,0,0,0.01,2.49,"Animalia","Arthropoda","Insecta","Ephemeroptera","Pisciforma","Baetoidea","Baetidae","Baetinae","Fallceon",,"Aquatic","Adult","CollectorGatherer","Length-mass regression values from Sabo et al. 2002, Table 2, for Ephemeroptera. ",00 00 00 00 00 09 3B 4A 
271,"BAET","Ephemeroptera: Baetidae (Adult)",1,1,0,1,1,0,0,0,0.01,2.49,"Animalia","Arthropoda","Insecta","Ephemeroptera","Pisciforma","Baetoidea","Baetidae",,,,"Aquatic","Adult","CollectorGatherer","Length-mass regression values from Sabo et al. 2002, Table 2, for Ephemeroptera. ",00 00 00 00 00 09 3B 4B 
272,"LEPS","Trichoptera: Lepidostomatidae: Lepidostoma spp. (Adult)",1,0,0,0,0,0,0,0,0.01,2.90,"Animalia","Arthropoda","Insecta","Trichoptera","Integripalpia","Limnephiloidea","Lepidostomatidae","Lepidostomatinae","Lepidostoma",,"Aquatic","Adult",,"Length-mass regression values from Sabo et al. 2002, Table 2, for Trichoptera. ",00 00 00 00 00 09 3B 4C 
279,"OESP","Trichoptera: Leptoceridae: Oecetis spp. (Adult)",1,0,0,0,0,0,0,0,0.01,2.90,"Animalia","Arthropoda","Insecta","Trichoptera","Integripalpia","Leptoceroidea","Leptoceridae","Leptocerinae","Oecetis",,"Aquatic","Adult","Predator","Length-mass regression values from Sabo et al. 2002, Table 2, for Trichoptera. ",00 00 00 00 00 09 3B 4D 
281,"GUSP","Trichoptera: Sericostomatidae: Gumaga spp. (Adult)",1,0,0,0,0,0,0,0,0.01,2.90,"Animalia","Arthropoda","Insecta","Trichoptera","Integripalpia","Sericostomatoidea","Sericostomatidae","Sericostomatinae","Gumaga",,"Aquatic","Adult",,"Length-mass regression values from Sabo et al. 2002, Table 2, for Trichoptera. ",00 00 00 00 00 09 3B 4E 
286,"HYQU","Trichoptera: Hydropsychidae: Hydropsyche quitchupaha (Adult)",1,0,0,0,0,0,0,0,0.05,2.30,"Animalia","Arthropoda","Insecta","Trichoptera","Annulipalpia","Hydropsychoidea","Hydropsychidae","Hydropsychinae","Hydropsyche","quitchupaha","Aquatic","Adult","CollectorFilterer","Length-mass regression values from Sabo et al. 2002, Table 3, for Hydropsychidae. ",00 00 00 00 00 09 3B 4F 
287,"CHEN","Trichoptera: Hydropsychidae: Cheumatopsyche enonis (Adult)",1,0,0,0,0,0,0,0,0.05,2.30,"Animalia","Arthropoda","Insecta","Trichoptera","Annulipalpia","Hydropsychoidea","Hydropsychidae","Hydropsychinae","Cheumatopsyche","enonis","Aquatic","Adult","CollectorFilterer","Length-mass regression values from Sabo et al. 2002, Table 3, for Hydropsychidae. ",00 00 00 00 00 09 3B 50 
288,"SMSI","Trichoptera: Hydropsychidae: Smicridea signata (Adult)",1,0,0,0,0,0,0,0,0.05,2.30,"Animalia","Arthropoda","Insecta","Trichoptera","Annulipalpia","Hydropsychoidea","Hydropsychidae","Smicrideainae","Smicridea","signata","Aquatic","Adult","CollectorFilterer","Length-mass regression values from Sabo et al. 2002, Table 3, for Hydropsychidae. ",00 00 00 00 00 09 3B 51 
289,"TAEN","Plecoptera: Taeniopterygidae (Adult)",1,0,0,0,0,0,0,0,0.26,1.69,"Animalia","Arthropoda","Insecta","Plecoptera","Euholognatha","Nemouroidea","Taeniopterygidae",,,,"Aquatic","Adult",,"Length-mass regression values from Sabo et al. 2002, Table 2, for Plecoptera. ",00 00 00 00 00 09 3B 52 
290,"SESP","Trichoptera: Leptoceridae: Setodes spp. (Adult)",1,0,0,0,0,0,0,0,0.01,2.90,"Animalia","Arthropoda","Insecta","Trichoptera","Integripalpia","Leptoceroidea","Leptoceridae","Leptocerinae","Setodes",,"Aquatic","Adult","CollectorGatherer","Length-mass regression values from Sabo et al. 2002, Table 2, for Trichoptera. ",00 00 00 00 00 09 3B 53 
291,"HEPT","Ephemeroptera: Heptageniidae (Adult)",1,1,0,0,0,0,0,0,0.01,2.49,"Animalia","Arthropoda","Insecta","Ephemeroptera","Pisciforma","Heptagenioidea","Heptageniidae",,,,"Aquatic","Adult","ScraperGrazer","Length-mass regression values from Sabo et al. 2002, Table 2, for Ephemeroptera adults. ",00 00 00 00 00 09 3B 54 
292,"NEGR","Trichoptera: Leptoceridae: Nectopsyche gracilis (Adult)",1,0,0,0,0,0,0,0,0.01,2.90,"Animalia","Arthropoda","Insecta","Trichoptera","Integripalpia","Leptoceroidea","Leptoceridae","Leptocerinae","Nectopsyche","gracilis","Aquatic","Adult","CollectorGatherer","Length-mass regression values from Sabo et al. 2002, Table 2, for Trichoptera. ",00 00 00 00 00 09 3B 55 
295,"HYDD","Hemiptera: Hydrometridae: Hydrometra spp. (Adult)",1,0,0,0,0,0,0,0,3.07,-4.78,"Animalia","Arthropoda","Insecta","Hemiptera","Heteroptera","Hydrometroidea","Hydrometridae","Hydrometrinae","Hydrometra",,"Aquatic","Adult","Predator","Length-mass regression values from Sample et al. 1993, Table 1, for Hemiptera. ",00 00 00 00 00 09 3B 56 
297,"PLEC","Plecoptera (Adult)",1,1,0,1,0,0,0,0,0.26,1.69,"Animalia","Arthropoda","Insecta","Plecoptera",,,,,,,"Aquatic","Adult","Generalist","Length-mass regression values from Sabo et al. 2002, Table 2, for Plecoptera. ",00 00 00 00 00 09 3B 57 
298,"ISSP","Plecoptera: Capniidae: Isocapnia spp. (Adult)",1,0,0,0,0,0,0,0,0.26,1.69,"Animalia","Arthropoda","Insecta","Plecoptera","Euholognatha","Nemouroidea","Capniidae","Capniinae","Isocapnia",,"Aquatic","Adult",,"Length-mass regression values from Sabo et al. 2002, Table 2, for Plecoptera. ",00 00 00 00 00 09 3B 58 
300,"CULP","Diptera: Culicidae (Pupa)",0,1,0,0,0,0,0,0,2.5e-03,2.69,"Animalia","Arthropoda","Insecta","Diptera","Nematocera","Culicoidea","Culicidae",,,,"Aquatic","Pupa","NonFeeding","Length-mass regression values from Benke et al. 1999, Table 2, for Diptera larvae.",00 00 00 00 00 09 3B 59 
303,"HYAU","Trichoptera: Hydropsychidae: Hydropsyche auricolor (Adult)",1,1,0,0,0,0,0,0,0.05,2.30,"Animalia","Arthropoda","Insecta","Trichoptera","Annulipalpia","Hydropsychoidea","Hydropsychidae","Hydropsychinae","Hydropsyche","auricolor","Aquatic","Adult","CollectorFilterer","Length-mass regression values from Sabo et al. 2002, Table 3, for Hydropsychidae. ",00 00 00 00 00 09 3B 5A 
304,"TRAS","Ephemeroptera: Leptohyphidae: Tricorythodes Asioplax (Adult)",1,0,0,0,0,0,0,0,0.01,2.49,"Animalia","Arthropoda","Insecta","Ephemeroptera","Furcatergalia","Ephemerelloidea","Leptohyphidae","Tricorythodinae","Tricorythodes","Asioplax","Aquatic","Adult","CollectorGatherer","Asioplax is subgenus. Length-mass regression values from Sabo et al. 2002, Table 2, for Ephemeroptera. ",00 00 00 00 00 09 3B 5B 
305,"CASP","Ephemeroptera: Baetidae: Camelobaetidius spp. (Adult)",1,0,0,0,0,0,0,0,0.01,2.49,"Animalia","Arthropoda","Insecta","Ephemeroptera","Pisciforma","Baetoidea","Baetidae","Baetinae","Camelobaetidius",,"Aquatic","Adult","CollectorGatherer","Length-mass regression values from Sabo et al. 2002, Table 2, for Ephemeroptera. ",00 00 00 00 00 09 3B 5C 
306,"AMEL","Ephemeroptera: Ameletidae: Ameletus spp. (Adult)",1,0,0,0,0,0,0,0,0.01,2.49,"Animalia","Arthropoda","Insecta","Ephemeroptera","Pisciforma","Baetoidea","Ameletidae","Siphlonutinae","Ameletus",,"Aquatic","Adult","CollectorGatherer","Length-mass regression values from Sabo et al. 2002, Table 2, for Ephemeroptera. ",00 00 00 00 00 09 3B 5D 
307,"EPAL_F","Ephemeroptera: Polymitarcyidae: Ephoron album (Adult)",1,0,0,0,0,0,0,0,0.01,2.49,"Animalia","Arthropoda","Insecta","Ephemeroptera","Furcatergalia","Ephemeroidea","Polymitarcyidae","Polymitarcyinae","Ephoron","album","Aquatic","Adult","CollectorGatherer","Females only. Length-mass regression values from Sabo et al. 2002, Table 2, for Ephemeroptera. ",00 00 00 00 00 09 3B 5E 
308,"OEAV","Trichoptera: Leptoceridae: Oecetis avara (Adult)",1,0,0,0,0,0,0,0,0.01,2.90,"Animalia","Arthropoda","Insecta","Trichoptera","Integripalpia","Leptoceroidea","Leptoceridae","Leptocerinae","Oecetis","avara","Aquatic","Adult","Predator","Species group; needs taxonomic resolution for the West, we likely have several species. Length-mass regression values from Sabo et al. 2002, Table 2, for Trichoptera. ",00 00 00 00 00 09 3B 5F 
309,"RAPH","Raphidoptera: Raphidiidae (Adult)",1,0,0,0,0,0,0,0,2.49,-3.62,"Animalia","Arthropoda","Insecta","Raphidoptera","Raphidiomorpha","Raphidoidea","Raphidiidae",,,,"Terrestrial","Adult","Predator","Length-mass regression values from Sample et al. 1993, Table 1, for Insecta. ",00 00 00 00 00 09 3B 60 
310,"LPSP","Trichoptera: Leptoceridae: Leptocerus spp. (Adult)",1,0,0,0,0,0,0,0,0.01,2.90,"Animalia","Arthropoda","Insecta","Trichoptera","Integripalpia","Leptoceroidea","Leptoceridae","Leptocerinae","Leptocerus",,"Aquatic","Adult",,"Length-mass regression values from Sabo et al. 2002, Table 2, for Trichoptera. ",00 00 00 00 00 09 3B 61 
311,"EPAL_M","Ephemeroptera: Polymitarcyidae: Ephoron album (Adult)",1,0,0,0,0,0,0,0,0.01,2.49,"Animalia","Arthropoda","Insecta","Ephemeroptera","Furcatergalia","Ephemeroidea","Polymitarcyidae","Polymitarcyinae","Ephoron","album","Aquatic","Adult","CollectorGatherer","Males only. Length-mass regression values from Sabo et al. 2002, Table 2, for Ephemeroptera. ",00 00 00 00 00 09 3B 62 
312,"TRAV","Ephemeroptera: Leptophlebiidae: Traverella spp. (Adult)",1,0,0,0,0,0,0,0,0.01,2.49,"Animalia","Arthropoda","Insecta","Ephemeroptera","Furcatergalia","Leptophlebioidea","Leptophlebiidae","Atalophlebiinae","Traverella",,"Aquatic","Adult","CollectorGatherer","Length-mass regression values from Sabo et al. 2002, Table 2, for Ephemeroptera. ",00 00 00 00 00 09 3B 63 
313,"BRHA","Ephemeroptera: Caenidae: Brachycercus harisella (Adult)",1,0,0,0,0,0,0,0,0.01,2.49,"Animalia","Arthropoda","Insecta","Ephemeroptera","Furcatergalia","Caenoidea","Caenidae","Brachcercinae","Brachycercus","harisella","Aquatic","Adult","CollectorGatherer","Length-mass regression values from Sabo et al. 2002, Table 2, for Ephemeroptera. ",00 00 00 00 00 09 3B 64 
314,"ACER","Ephemeroptera: Baetidae: Acerpenna spp. (Adult)",1,0,0,0,0,0,0,0,0.01,2.49,"Animalia","Arthropoda","Insecta","Ephemeroptera","Pisciforma","Baetoidea","Baetidae","Baetinae","Acerpenna",,"Aquatic","Adult","CollectorGatherer","Length-mass regression values from Sabo et al. 2002, Table 2, for Ephemeroptera. ",00 00 00 00 00 09 3B 65 
315,"EPAL","Ephemeroptera: Polymitarcyidae: Ephoron album (Adult)",1,0,0,0,0,0,0,0,0.01,2.49,"Animalia","Arthropoda","Insecta","Ephemeroptera","Furcatergalia","Ephemeroidea","Polymitarcyidae","Polymitarcyinae","Ephoron","album","Aquatic","Adult","CollectorGatherer","Length-mass regression values from Sabo et al. 2002, Table 2, for Ephemeroptera. ",00 00 00 00 00 09 3B 66 
316,"TRAB","Ephemeroptera: Leptophlebiidae: Traverella albertana (Adult)",1,0,0,0,0,0,0,0,0.01,2.49,"Animalia","Arthropoda","Insecta","Ephemeroptera","Furcatergalia","Leptophlebioidea","Leptophlebiidae","Atalophlebiinae","Traverella","albertana","Aquatic","Adult","CollectorGatherer","Length-mass regression values from Sabo et al. 2002, Table 2, for Ephemeroptera. ",00 00 00 00 00 09 3B 67 
317,"HYCA","Trichoptera: Hydropsychidae: Hydropsyche californica (Adult)",1,0,0,0,0,0,0,0,0.05,2.30,"Animalia","Arthropoda","Insecta","Trichoptera","Annulipalpia","Hydropsychoidea","Hydropsychidae","Hydropsychinae","Hydropsyche","californica","Aquatic","Adult","CollectorFilterer","Length-mass regression values from Sabo et al. 2002, Table 3, for Hydropsychidae. ",00 00 00 00 00 09 3B 68 
318,"ANAB","Trichoptera: Limnephilidae: Anabolia bimaculata (Adult)",1,0,0,0,0,0,0,0,0.01,2.90,"Animalia","Arthropoda","Insecta","Trichoptera","Integripalpia","Limnephiloidea","Limnephilidae","Limnephilinae","Anabolia","bimaculata","Aquatic","Adult",,"Length-mass regression values from Sabo et al. 2002, Table 2, for Trichoptera. ",00 00 00 00 00 09 3B 69 
319,"NELA","Trichoptera: Leptoceridae: Nectopsyche lahtonensis (Adult)",1,0,0,0,0,0,0,0,0.01,2.90,"Animalia","Arthropoda","Insecta","Trichoptera","Integripalpia","Leptoceroidea","Leptoceridae","Leptocerinae","Nectopsyche","lahtonensis","Aquatic","Adult","CollectorGatherer","Length-mass regression values from Sabo et al. 2002, Table 2, for Trichoptera. ",00 00 00 00 00 09 3B 6A 
320,"POCI","Trichoptera: Polycentropodidae: Polycentropus cinerus (Adult)",1,0,0,0,0,0,0,0,0.01,2.90,"Animalia","Arthropoda","Insecta","Trichoptera","Annulipalpia","Hydropsychoidea","Polycentropodidae","Polycentropodinae","Polycentropus","cinerus","Aquatic","Adult","Predator","Length-mass regression values from Sabo et al. 2002, Table 2, for Trichoptera. ",00 00 00 00 00 09 3B 6B 
321,"CHAN","Trichoptera: Hydropsychidae: Cheumatopsyche analis (Adult)",1,0,0,0,0,0,0,0,0.05,2.30,"Animalia","Arthropoda","Insecta","Trichoptera","Annulipalpia","Hydropsychoidea","Hydropsychidae","Hydropsychinae","Cheumatopsyche","analis","Aquatic","Adult","CollectorFilterer","Length-mass regression values from Sabo et al. 2002, Table 3, for Hydropsychidae. ",00 00 00 00 00 09 3B 6C 
322,"LEPH","Ephemeroptera: Leptophlebiidae (Adult)",1,0,0,0,0,0,0,0,0.01,2.49,"Animalia","Arthropoda","Insecta","Ephemeroptera","Furcatergalia","Leptophlebioidea","Leptophlebiidae",,,,"Aquatic","Adult","CollectorGatherer","Length-mass regression values from Sabo et al. 2002, Table 2, for Ephemeroptera. ",00 00 00 00 00 09 3B 6D 
323,"CAEN","Ephemeroptera: Caenidae (Adult)",1,0,0,0,0,0,0,0,0.01,2.49,"Animalia","Arthropoda","Insecta","Ephemeroptera","Furcatergalia","Caenoidea","Caenidae",,,,"Aquatic","Adult","CollectorGatherer","Length-mass regression values from Sabo et al. 2002, Table 2, for Ephemeroptera. ",00 00 00 00 00 09 3B 6E 
324,"TRAE","Trichoptera: Leptoceridae: Triaenodes grisea (Adult)",1,0,0,0,0,0,0,0,0.04,2.29,"Animalia","Arthropoda","Insecta","Trichoptera","Integripalpia","Leptoceroidea","Leptoceridae","Leptocerinae","Triaenodes","grisea","Aquatic","Adult",,"Length-mass regression values from Sabo et al. 2002, Table 3, for Hydropsychidae. ",00 00 00 00 00 09 3B 6F 
325,"POFL","Trichoptera: Hydropsychidae: Psychomyia flavida (Adult)",1,0,0,0,0,0,0,0,0.05,2.30,"Animalia","Arthropoda","Insecta","Trichoptera","Annulipalpia","Hydropsychoidea","Hydropsychidae","Psychomyiinae","Psychomyia","flavida","Aquatic","Adult","CollectorGatherer","Length-mass regression values from Sabo et al. 2002, Table 3, for Hydropsychidae. ",00 00 00 00 00 09 3B 70 
326,"ALLO","Trichoptera: Apataniidae: Allomyia spp. (Adult)",1,0,0,0,0,0,0,0,0.01,2.90,"Animalia","Arthropoda","Insecta","Trichoptera","Integripalpia","Limnephiloidea","Apataniidae","Apataniinae","Allomyia",,"Aquatic","Adult","ScraperGrazer","Length-mass regression values from Sabo et al. 2002, Table 2, for Trichoptera. ",00 00 00 00 00 09 3B 71 
327,"UENO","Trichoptera: Uenoidae (Adult)",1,0,0,0,0,0,0,0,0.01,2.90,"Animalia","Arthropoda","Insecta","Trichoptera","Integripalpia","Limnephiloidea","Uenoidae",,,,"Aquatic","Adult","ScraperGrazer","Length-mass regression values from Sabo et al. 2002, Table 2, for Trichoptera. ",00 00 00 00 00 09 3B 72 
328,"NEDI","Trichoptera: Leptoceridae: Nectopsyche diarina (Adult)",1,0,0,0,0,0,0,0,0.01,2.90,"Animalia","Arthropoda","Insecta","Trichoptera","Integripalpia","Leptoceroidea","Leptoceridae","Leptocerinae","Nectopsyche","diarina","Aquatic","Adult","CollectorGatherer","Length-mass regression values from Sabo et al. 2002, Table 2, for Trichoptera. ",00 00 00 00 00 09 3B 73 
330,"ACEN","Ephemeroptera: Baetidae: Acentrella spp. (Adult)",1,0,0,0,0,0,0,0,0.01,2.49,"Animalia","Arthropoda","Insecta","Ephemeroptera","Pisciforma","Baetoidea","Baetidae","Baetinae","Acentrella",,"Aquatic","Adult","CollectorGatherer","Length-mass regression values from Sabo et al. 2002, Table 2, for Ephemeroptera. ",00 00 00 00 00 09 3B 74 
331,"BRAM","Trichoptera: Brachycentridae: Brachycentrus americanus (Adult)",1,0,0,0,0,0,0,0,0.04,2.29,"Animalia","Arthropoda","Insecta","Trichoptera","Integripalpia","Limnephiloidea","Brachycentridae","Brachycentrinae","Brachycentrus","americanus","Aquatic","Adult",,"Length-mass regression values from Sabo et al. 2002, Table 3, for Hydropsychidae. ",00 00 00 00 00 09 3B 75 
332,"HYCO","Trichoptera: Hydropsychidae: Hydropsyche confusa (Adult)",1,0,0,0,0,0,0,0,0.05,2.30,"Animalia","Arthropoda","Insecta","Trichoptera","Annulipalpia","Hydropsychoidea","Hydropsychidae","Hydropsychinae","Hydropsyche","confusa","Aquatic","Adult","CollectorFilterer","Length-mass regression values from Sabo et al. 2002, Table 3, for Hydropsychidae. ",00 00 00 00 00 09 3B 76 
333,"SMFA","Trichoptera: Hydropsychidae: Smicridea fasciatella (Adult)",1,0,0,0,0,0,0,0,0.05,2.30,"Animalia","Arthropoda","Insecta","Trichoptera","Annulipalpia","Hydropsychoidea","Hydropsychidae","Smicrideainae","Smicridea","fasciatella","Aquatic","Adult","CollectorFilterer","Length-mass regression values from Sabo et al. 2002, Table 3, for Hydropsychidae. ",00 00 00 00 00 09 3B 77 
334,"THRA","Ephemeroptera: Leptophlebiidae: Thraulodes spp. (Adult)",1,0,0,0,0,0,0,0,0.01,2.49,"Animalia","Arthropoda","Insecta","Ephemeroptera","Furcatergalia","Leptophlebioidea","Leptophlebiidae","Atalophlebiinae","Thraulodes",,"Aquatic","Adult","CollectorGatherer","Length-mass regression values from Sabo et al. 2002, Table 2, for Ephemeroptera. ",00 00 00 00 00 09 3B 78 
335,"ISOA","Isopoda (Adult)",0,1,0,0,0,0,0,0,5.4e-03,2.95,"Animalia","Arthropoda","Malacostraca","Isopoda",,,,,,,"Aquatic","Adult","CollectorGatherer","Length-mass regression values from Benke et al. 1999, Table 4.",00 00 00 00 00 09 3B 79 
336,"ELOP","Coleoptera: Elmidae: Optioservus spp. (Larva)",0,1,1,0,0,0,0,0,7.4e-03,2.88,"Animalia","Arthropoda","Insecta","Coleoptera","Polyphaga","Byrrhoidea","Elmidae","Elminae","Optioservus",,"Aquatic","Larva","ScraperGrazer","Length-mass regression values from Benke et al. 1999, Table 4, for Elmidae.",00 00 00 00 00 09 3B 7A 
337,"BAEL","Ephemeroptera: Baetidae: Baetis spp. (Larva)",0,1,1,0,0,0,0,0,6.8e-03,2.82,"Animalia","Arthropoda","Insecta","Ephemeroptera","Pisciforma","Baetoidea","Baetidae","Baetinae","Baetis",,"Aquatic","Larva","CollectorGatherer","Length-mass regression values from Benke et al. 1999, Appendix 1, average of four values.",00 00 00 00 00 09 3B 7B 
338,"ELLL","Ephemeroptera: Ephemerellidae: Ephemerella spp. (Larva)",0,1,0,0,0,0,0,0,0.01,2.55,"Animalia","Arthropoda","Insecta","Ephemeroptera","Furcatergalia","Ephemerelloidea","Ephemerellidae","Ephemerellinae","Ephemerella",,"Aquatic","Larva","CollectorGatherer","Length-mass regression values from Benke et al. 1999, Appendix 1, average of two values. ",00 00 00 00 00 09 3B 7C 
339,"ELLA","Ephemeroptera: Ephemerellidae (Adult)",0,1,0,0,0,0,0,0,0.01,2.49,"Animalia","Arthropoda","Insecta","Ephemeroptera","Furcatergalia","Ephemerelloidea","Ephemerellidae",,,,"Aquatic","Adult","CollectorGatherer","Length-mass regression values from Sabo et al. 2002, Table 2, for Ephemeroptera. ",00 00 00 00 00 09 3B 7D 
340,"HEPL","Ephemeroptera: Heptageniidae (Larva)",0,1,0,0,0,0,0,0,0.01,2.75,"Animalia","Arthropoda","Insecta","Ephemeroptera","Pisciforma","Heptagenioidea","Heptageniidae",,,,"Aquatic","Larva","ScraperGrazer","Length-mass regression values from Benke et al. 1999, Table 4.",00 00 00 00 00 09 3B 7E 
341,"TRCL","Ephemeroptera: Leptohyphidae: Tricorythodes spp. (Larva)",0,1,0,0,0,0,0,0,2.9e-03,3.16,"Animalia","Arthropoda","Insecta","Ephemeroptera","Furcatergalia","Ephemerelloidea","Leptohyphidae","Tricorythodinae","Tricorythodes",,"Aquatic","Larva","CollectorGatherer","Length-mass regression values from Benke et al. 1999, Appendix 1.",00 00 00 00 00 09 3B 7F 
342,"LPTA","Ephemeroptera: Leptohyphidae (Adult)",1,1,0,0,0,0,0,0,0.01,2.49,"Animalia","Arthropoda","Insecta","Ephemeroptera","Furcatergalia","Ephemerelloidea","Leptohyphidae",,,,"Aquatic","Adult","CollectorGatherer","Length-mass regression values from Sabo et al. 2002, Table 2, for Ephemeroptera. ",00 00 00 00 00 09 3B 80 
343,"ISLA","Plecoptera: Perlodidae: Isoperla spp. (Larva)",0,1,0,0,0,0,0,0,0.01,2.60,"Animalia","Arthropoda","Insecta","Plecoptera","Systellognatha","Perloidea","Perlodidae","Isoperlinae","Isoperla",,"Aquatic","Larva","Predator","Length-mass regression values from Benke et al. 1999, Appendix 1, back-converted to DM using %ash",00 00 00 00 00 09 3B 81 
344,"HYLA","Trichoptera: Hydroptilidae: Hydroptila spp. (Larva)",0,1,1,0,0,0,0,0,5.6e-03,2.83,"Animalia","Arthropoda","Insecta","Trichoptera","Spicipalpia","Hydroptiloidea","Hydroptilidae","Hydroptilinae","Hydroptila",,"Aquatic","Larva","ScraperGrazer","Length-mass regression values from Benke et al. 1999, Table 2, for Trichoptera.",00 00 00 00 00 09 3B 82 
346,"NEUR","Neuroptera (Adult)",1,1,0,1,1,0,1,0,0.08,1.53,"Animalia","Arthropoda","Insecta","Neuroptera",,,,,,,"Terrestrial","Adult","Generalist","Length-mass regression values from Hodar 1996, Table 2, for Neuroptera. ",00 00 00 00 00 09 3B 83 
348,"COEN","Odonata: Coenagrionidae (Larva)",0,1,1,0,0,0,0,0,5.1e-03,2.78,"Animalia","Arthropoda","Insecta","Odonata","Zygoptera","Coenagrionoidea","Coenagrionidae",,,,"Aquatic","Larva","Predator","Length-mass regression values from Benke et al. 1999, Table 4.",00 00 00 00 00 09 3B 84 
349,"BRAS","Trichoptera: Brachycentridae: Brachycentrus spp. (Larva)",0,1,0,0,0,0,0,0,2.5e-03,2.60,"Animalia","Arthropoda","Insecta","Trichoptera","Integripalpia","Limnephiloidea","Brachycentridae","Brachycentrinae","Brachycentrus",,"Aquatic","Larva","Shredder","Length-mass regression values from Benke et al. 1999, Appendix 1, for dry mass.",00 00 00 00 00 09 3B 85 
350,"ANAG","Trichoptera: Glossosomatidae: Anagapetus spp. (Larva)",0,1,0,0,0,0,0,0,8.2e-03,2.95,"Animalia","Arthropoda","Insecta","Trichoptera","Spicipalpia","Hydroptiloidea","Glossosomatidae","Glossosomatinae","Anagapetus",,"Aquatic","Larva","ScraperGrazer","Length-mass regression values from Benke et al. 1999, Table 4, for Glossosomatidae.",00 00 00 00 00 09 3B 86 
351,"GYRN","Coleoptera: Gyrinidae: Gyrinus spp. (Larva)",0,1,0,0,0,0,0,0,7.7e-03,2.91,"Animalia","Arthropoda","Insecta","Coleoptera","Adephaga","Caraboidea","Gyrinidae","Gyrininae","Gyrinus",,"Aquatic","Larva","Predator","Length-mass regression values from Benke et al. 1999, Table 2, for Coleoptera.",00 00 00 00 00 09 3B 87 
353,"NECT","Trichoptera: Leptoceridae: Nectopsyche spp. (Larva)",0,1,0,0,0,0,0,0,2.64,3.29,"Animalia","Arthropoda","Insecta","Trichoptera","Integripalpia","Leptoceroidea","Leptoceridae","Leptocerinae","Nectopsyche",,"Aquatic","Larva","CollectorGatherer","Length-mass regression values from Benke et al. 1999, Appendix 3.",00 00 00 00 00 09 3B 88 
355,"SMIC","Trichoptera: Hydropsychidae: Smicridea spp. (Larva)",0,1,0,0,0,0,0,0,0.04,2.29,"Animalia","Arthropoda","Insecta","Trichoptera","Annulipalpia","Hydropsychoidea","Hydropsychidae","Smicrideainae","Smicridea",,"Aquatic","Larva","CollectorFilterer","Length-mass regression values from Sabo et al. 2002, Table 3, for Hydropsychidae. ",00 00 00 00 00 09 3B 89 
356,"PETR","Lepidoptera: Crambidae: Petrophila spp. (Adult)",1,0,0,0,0,0,0,0,0.01,2.69,"Animalia","Arthropoda","Insecta","Lepidoptera","Glossota","Pyraloidea","Crambidae","Nymphulinae","Petrophila",,"Aquatic","Adult",,"Length-mass regression values from Sabo et al. 2002, Table 2, for Petrophila spp.",00 00 00 00 00 09 3B 8A 
357,"CAES","Ephemeroptera: Caenidae: Caenis spp. (Adult)",1,0,0,0,0,0,0,0,0.01,2.49,"Animalia","Arthropoda","Insecta","Ephemeroptera","Furcatergalia","Caenoidea","Caenidae","Caeninae","Caenis",,"Aquatic","Adult","CollectorGatherer","Length-mass regression values from Sabo et al. 2002, Table 2, for Ephemeroptera. ",00 00 00 00 00 09 3B 8B 
358,"LIHA","Trichoptera: Limnephilidae: Limnephilus hyalinus (Adult)",1,0,0,0,0,0,0,0,0.01,2.90,"Animalia","Arthropoda","Insecta","Trichoptera","Integripalpia","Limnephiloidea","Limnephilidae","Limnephilinae","Limnephilus","hyalinus","Aquatic","Adult",,"Length-mass regression values from Sabo et al. 2002, Table 2, for Trichoptera. ",00 00 00 00 00 09 3B 8C 
359,"TRSP","Trichoptera: Leptoceridae: Triaenodes spp. (Adult)",1,0,0,0,0,0,0,0,0.01,2.90,"Animalia","Arthropoda","Insecta","Trichoptera","Integripalpia","Leptoceroidea","Leptoceridae","Leptocerinae","Triaenodes",,"Aquatic","Adult",,"Length-mass regression values from Sabo et al. 2002, Table 2, for Trichoptera. ",00 00 00 00 00 09 3B 8D 
362,"LISP","Trichoptera: Limnephilidae: Limnephilus spp. (Adult)",1,0,0,0,0,0,0,0,0.01,2.90,"Animalia","Arthropoda","Insecta","Trichoptera","Integripalpia","Limnephiloidea","Limnephilidae","Limnephilinae","Limnephilus",,"Aquatic","Adult",,"Length-mass regression values from Sabo et al. 2002, Table 2, for Trichoptera. ",00 00 00 00 00 09 3B 8E 
364,"BRCH","Trichoptera: Brachycentridae: Brachycentrus spp. (Adult)",1,0,0,0,0,0,0,0,0.01,2.90,"Animalia","Arthropoda","Insecta","Trichoptera","Integripalpia","Limnephiloidea","Brachycentridae","Brachycentrinae","Brachycentrus",,"Aquatic","Adult",,"Length-mass regression values from Sabo et al. 2002, Table 2, for Trichoptera. ",00 00 00 00 00 09 3B 8F 
367,"ARGR","Trichoptera: Hydropsychidae: Arctopsyche grandis (Adult)",1,0,0,0,0,0,0,0,0.05,2.30,"Animalia","Arthropoda","Insecta","Trichoptera","Annulipalpia","Hydropsychoidea","Hydropsychidae","Arctopsychinae","Arctopsyche","grandis","Aquatic","Adult","CollectorFilterer","Length-mass regression values from Sabo et al. 2002, Table 3, for Hydropsychidae. ",00 00 00 00 00 09 3B 90 
368,"HEXA","Ephemeroptera: Ephemeridae: Hexagenia spp. (Adult)",1,0,0,0,0,0,0,0,0.01,2.49,"Animalia","Arthropoda","Insecta","Ephemeroptera","Furcatergalia","Ephemeroidea","Ephemeridae","Ephemerinae","Hexagenia",,"Aquatic","Adult","CollectorGatherer","Length-mass regression values from Sabo et al. 2002, Table 2, for Ephemeroptera. ",00 00 00 00 00 09 3B 91 
369,"EPEX","Ephemeroptera: Ephemerellidae: Ephemerella excrucians (Adult)",1,0,0,0,0,0,0,0,0.01,2.49,"Animalia","Arthropoda","Insecta","Ephemeroptera","Furcatergalia","Ephemerelloidea","Ephemerellidae","Ephemerellinae","Ephemerella","excrucians","Aquatic","Adult","CollectorGatherer","Length-mass regression values from Sabo et al. 2002, Table 2, for Ephemeroptera. ",00 00 00 00 00 09 3B 92 
371,"NEST","Trichoptera: Leptoceridae: Nectopsyche stigmatica (Adult)",1,0,0,0,0,0,0,0,0.01,2.90,"Animalia","Arthropoda","Insecta","Trichoptera","Integripalpia","Leptoceroidea","Leptoceridae","Leptocerinae","Nectopsyche","stigmatica","Aquatic","Adult","CollectorGatherer","Length-mass regression values from Sabo et al. 2002, Table 2, for Trichoptera. ",00 00 00 00 00 09 3B 93 
372,"HYSE","Trichoptera: Hydropsychidae: Hydropsyche separata (Adult)",1,0,0,0,0,0,0,0,0.05,2.30,"Animalia","Arthropoda","Insecta","Trichoptera","Annulipalpia","Hydropsychoidea","Hydropsychidae","Hydropsychinae","Hydropsyche","separata","Aquatic","Adult","CollectorFilterer","Length-mass regression values from Sabo et al. 2002, Table 3, for Hydropsychidae. ",00 00 00 00 00 09 3B 94 
373,"MEGL","Megaloptera: Corydalidae: Corydalus spp. (Larva)",1,1,1,0,0,0,0,0,3.7e-03,2.87,"Animalia","Arthropoda","Insecta","Megaloptera","Sialodea","Sialoidea","Corydalidae","Corydalinae","Corydalus",,"Aquatic","Larva","Predator","Length-mass regression values from Benke et al. 1999, Table 4.",00 00 00 00 00 09 3B 95 
374,"RHIT","Ephemeroptera: Heptageniidae: Rhithrogena spp. (Adult)",1,0,0,0,0,0,0,0,0.01,2.49,"Animalia","Arthropoda","Insecta","Ephemeroptera","Pisciforma","Heptagenioidea","Heptageniidae","Rhithrogeninae","Rhithrogena",,"Aquatic","Adult",,"Length-mass regression values from Sabo et al. 2002, Table 2, for Ephemeroptera. ",00 00 00 00 00 09 3B 96 
376,"CAAM","Ephemeroptera: Caenidae: Caenis amica (Adult)",1,0,0,0,0,0,0,0,0.01,2.49,"Animalia","Arthropoda","Insecta","Ephemeroptera","Furcatergalia","Caenoidea","Caenidae","Caeninae","Caenis","amica","Aquatic","Adult",,"Length-mass regression values from Sabo et al. 2002, Table 2, for Ephemeroptera. ",00 00 00 00 00 09 3B 97 
377,"EPSP","Ephemeroptera: Ephemerellidae: Ephemerella spp. (Adult)",1,0,0,0,0,0,0,0,0.01,2.49,"Animalia","Arthropoda","Insecta","Ephemeroptera","Furcatergalia","Ephemerelloidea","Ephemerellidae","Ephemerellinae","Ephemerella",,"Aquatic","Adult",,"Length-mass regression values from Sabo et al. 2002, Table 2, for Ephemeroptera. ",00 00 00 00 00 09 3B 98 
379,"SEMI","Ephemeroptera: Ephemerellidae: Serratella micheneri (Adult)",1,0,0,0,0,0,0,0,0.01,2.49,"Animalia","Arthropoda","Insecta","Ephemeroptera","Furcatergalia","Ephemerelloidea","Ephemerellidae","Ephemerellinae","Serratella","micheneri","Aquatic","Adult",,"Length-mass regression values from Sabo et al. 2002, Table 2, for Ephemeroptera. ",00 00 00 00 00 09 3B 99 
380,"LSPI","Trichoptera: Limnephilidae: Limnephilus spinatus (Adult)",1,0,0,0,0,0,0,0,0.01,2.90,"Animalia","Arthropoda","Insecta","Trichoptera","Integripalpia","Limnephiloidea","Limnephilidae","Limnephilinae","Limnephilus","spinatus","Aquatic","Adult",,"Length-mass regression values from Sabo et al. 2002, Table 2, for Trichoptera. ",00 00 00 00 00 09 3B 9A 
381,"HECO","Trichoptera: Limnephilidae: Limnephilus consimilis (Adult)",1,0,0,0,0,0,0,0,0.01,2.90,"Animalia","Arthropoda","Insecta","Trichoptera","Integripalpia","Limnephiloidea","Limnephilidae","Limnephilinae","Limnephilus","consimilis","Aquatic","Adult",,"Length-mass regression values from Sabo et al. 2002, Table 2, for Trichoptera. ",00 00 00 00 00 09 3B 9B 
382,"RHBR","Trichoptera: Rhyacophilidae: Rhyacophila brunnea (Adult)",1,0,0,0,0,0,0,0,0.01,2.90,"Animalia","Arthropoda","Insecta","Trichoptera","Spicipalpia","Rhyacophiloidea","Rhyacophilidae","Rhyacophilinae","Rhyacophila","brunnea","Aquatic","Adult",,"Length-mass regression values from Sabo et al. 2002, Table 2, for Trichoptera. ",00 00 00 00 00 09 3B 9C 
384,"BROC","Trichoptera: Brachycentridae: Brachycentrus occidentalis (Adult)",1,0,0,0,0,0,0,0,0.01,2.90,"Animalia","Arthropoda","Insecta","Trichoptera","Integripalpia","Limnephiloidea","Brachycentridae","Brachycentrinae","Brachycentrus","occidentalis","Aquatic","Adult",,"Length-mass regression values from Sabo et al. 2002, Table 2, for Trichoptera. ",00 00 00 00 00 09 3B 9D 
385,"EPTI","Ephemeroptera: Ephemerellidae: Ephemerella tibialis (Adult)",1,0,0,0,0,0,0,0,0.01,2.49,"Animalia","Arthropoda","Insecta","Ephemeroptera","Furcatergalia","Ephemerelloidea","Ephemerellidae","Ephemerellinae","Ephemerella","tibialis","Aquatic","Adult",,"AKA Serratella tibialis. Length-mass regression values from Sabo et al. 2002, Table 2, for Ephemeroptera. ",00 00 00 00 00 09 3B 9E 
386,"POLP","Trichoptera: Polycentropodidae: Polycentropus spp. (Adult)",1,0,0,0,1,0,0,0,0.01,2.90,"Animalia","Arthropoda","Insecta","Trichoptera","Annulipalpia","Hydropsychoidea","Polycentropodidae","Polycentropodinae","Polycentropus",,"Aquatic","Adult",,"Length-mass regression values from Sabo et al. 2002, Table 2, for Trichoptera. ",00 00 00 00 00 09 3B 9F 
387,"BRMI","Trichoptera: Brachycentridae: Micrasema spp. (Adult)",1,0,0,0,0,0,0,0,0.01,2.90,"Animalia","Arthropoda","Insecta","Trichoptera","Integripalpia","Limnephiloidea","Brachycentridae","Brachycentrinae","Micrasema",,"Aquatic","Adult",,"Length-mass regression values from Sabo et al. 2002, Table 2, for Trichoptera. ",00 00 00 00 00 09 3B A0 
388,"HPER","Plecoptera: Perlidae: Hesperoperla spp. (Adult)",1,0,0,0,0,0,0,0,8.0e-03,2.82,"Animalia","Arthropoda","Insecta","Plecoptera","Systellognatha","Perloidea","Perlidae","Acroneuriinae","Hesperoperla",,"Aquatic","Adult",,"Length-mass regression values from Sabo et al. 2002, Table 3, for Perlidae. ",00 00 00 00 00 09 3B A1 
390,"ISPR","Plecoptera: Perlodidae: Isoperla spp. (Adult)",1,0,0,0,0,0,0,0,0.26,1.69,"Animalia","Arthropoda","Insecta","Plecoptera","Systellognatha","Perloidea","Perlodidae","Isoperlinae","Isoperla",,"Aquatic","Adult",,"Length-mass regression values from Sabo et al. 2002, Table 2, for Plecoptera. ",00 00 00 00 00 09 3B A2 
391,"EPHS","Ephemeroptera: Ephemeridae: Ephemera spp. (Adult)",1,0,0,0,0,0,0,0,0.01,2.49,"Animalia","Arthropoda","Insecta","Ephemeroptera","Furcatergalia","Ephemeroidea","Ephemeridae","Ephemerinae","Ephemera",,"Aquatic","Adult",,"Length-mass regression values from Sabo et al. 2002, Table 2, for Ephemeroptera. ",00 00 00 00 00 09 3B A3 
395,"BRAT","Diptera: Brachycera (Suborder) (Adult)",1,0,0,1,1,0,0,0,6.0e-03,3.05,"Animalia","Arthropoda","Insecta","Diptera","Brachycera",,,,,,"Intermediate","Adult","Generalist","Length-mass regression values from Sabo et al. 2002, Table 2.",00 00 00 00 00 09 3B A4 
399,"PSOC","Psocoptera (Adult)",1,1,0,1,1,0,0,0,0.04,1.63,"Animalia","Arthropoda","Insecta","Psocoptera",,,,,,,"Terrestrial","Adult","Herbivore","Length-mass regression values from Hodar 1996, Table 2.",00 00 00 00 00 09 3B A5 
400,"PSYC","Diptera: Psychodidae (Adult)",1,1,0,1,1,0,0,0,0.10,1.57,"Animalia","Arthropoda","Insecta","Diptera","Nematocera","Psychodoidea","Psychodidae",,,,"Aquatic","Adult",,"Length-mass regression values from Sabo et al. 2002, Table 2, for Nematocera.",00 00 00 00 00 09 3B A6 
404,"EPSI","Ephemeroptera: Ephemeridae: Ephemera simulans (Adult)",1,0,0,0,0,0,0,0,0.01,2.49,"Animalia","Arthropoda","Insecta","Ephemeroptera","Furcatergalia","Ephemeroidea","Ephemeridae","Ephemerinae","Ephemera","simulans","Aquatic","Adult",,"Length-mass regression values from Sabo et al. 2002, Table 2, for Ephemeroptera. ",00 00 00 00 00 09 3B A7 
405,"ACRO","Plecoptera: Perlidae: Acroneuria spp. (Adult)",1,0,0,0,0,0,0,0,8.0e-03,2.82,"Animalia","Arthropoda","Insecta","Plecoptera","Systellognatha","Perloidea","Perlidae","Acroneuriinae","Acroneuria",,"Aquatic","Adult",,"Length-mass regression values from Sabo et al. 2002, Table 3, for Perlidae. ",00 00 00 00 00 09 3B A8 
406,"CHLA","Trichoptera: Hydropsychidae: Cheumatopsyche lasia (Adult)",1,0,0,0,0,0,0,0,0.05,2.30,"Animalia","Arthropoda","Insecta","Trichoptera","Annulipalpia","Hydropsychoidea","Hydropsychidae","Hydropsychinae","Cheumatopsyche","lasia","Aquatic","Adult",,"Length-mass regression values from Sabo et al. 2002, Table 3, for Hydropsychidae. ",00 00 00 00 00 09 3B A9 
407,"CSPE","Trichoptera: Hydropsychidae: Cheumatopsyche speciosa (Adult)",1,0,0,0,0,0,0,0,0.05,2.30,"Animalia","Arthropoda","Insecta","Trichoptera","Annulipalpia","Hydropsychoidea","Hydropsychidae","Hydropsychinae","Cheumatopsyche","speciosa","Aquatic","Adult",,"Length-mass regression values from Sabo et al. 2002, Table 3, for Hydropsychidae. ",00 00 00 00 00 09 3B AA 
408,"HCOC","Trichoptera: Hydropsychidae: Hydropsyche cockerelli (Adult)",1,0,0,0,0,0,0,0,0.05,2.30,"Animalia","Arthropoda","Insecta","Trichoptera","Annulipalpia","Hydropsychoidea","Hydropsychidae","Hydropsychinae","Hydropsyche","cockerelli","Aquatic","Adult",,"Length-mass regression values from Sabo et al. 2002, Table 3, for Hydropsychidae. ",00 00 00 00 00 09 3B AB 
409,"LEBI","Trichoptera: Lepidostomatidae: Lepidostoma bakeri (Adult)",1,0,0,0,0,0,0,0,0.01,2.90,"Animalia","Arthropoda","Insecta","Trichoptera","Integripalpia","Limnephiloidea","Lepidostomatidae","Lepidostomatinae","Lepidostoma","bakeri","Aquatic","Adult",,"Length-mass regression values from Sabo et al. 2002, Table 2, for Trichoptera. ",00 00 00 00 00 09 3B AC 
410,"NEMI","Trichoptera: Leptoceridae: Nectopsyche minuta (Adult)",1,0,0,0,0,0,0,0,0.01,2.90,"Animalia","Arthropoda","Insecta","Trichoptera","Integripalpia","Leptoceroidea","Leptoceridae","Leptocerinae","Nectopsyche","minuta","Aquatic","Adult",,"Length-mass regression values from Sabo et al. 2002, Table 2, for Trichoptera. ",00 00 00 00 00 09 3B AD 
411,"TRRU","Trichoptera: Leptoceridae: Triaenodes ruiteri (Adult)",1,0,0,0,0,0,0,0,0.01,2.90,"Animalia","Arthropoda","Insecta","Trichoptera","Integripalpia","Leptoceroidea","Leptoceridae","Leptocerinae","Triaenodes","ruiteri","Aquatic","Adult",,"Length-mass regression values from Sabo et al. 2002, Table 2, for Trichoptera. ",00 00 00 00 00 09 3B AE 
412,"DIAT","Trichoptera: Limnephilidae: Dicosmoecus atripes (Adult)",1,0,0,0,0,0,0,0,0.01,2.90,"Animalia","Arthropoda","Insecta","Trichoptera","Integripalpia","Limnephiloidea","Limnephilidae","Dicosmoecinae","Dicosmoecus","atripes","Aquatic","Adult",,"Length-mass regression values from Sabo et al. 2002, Table 2, for Trichoptera. ",00 00 00 00 00 09 3B AF 
413,"HEDI","Trichoptera: Limnephilidae: Hesperophylax designatus (Adult)",1,0,0,0,0,0,0,0,0.01,2.90,"Animalia","Arthropoda","Insecta","Trichoptera","Integripalpia","Limnephiloidea","Limnephilidae","Limnephilinae","Hesperophylax","designatus","Aquatic","Adult",,"Length-mass regression values from Sabo et al. 2002, Table 2, for Trichoptera. ",00 00 00 00 00 09 3B B0 
414,"ONUN","Trichoptera: Limnephilidae: Onocosmoecus unicolor (Adult)",1,0,0,0,0,0,0,0,0.01,2.90,"Animalia","Arthropoda","Insecta","Trichoptera","Integripalpia","Limnephiloidea","Limnephilidae","Dicosmoecinae","Onocosmoecus","unicolor","Aquatic","Adult",,"Length-mass regression values from Sabo et al. 2002, Table 2, for Trichoptera. ",00 00 00 00 00 09 3B B1 
415,"PSSU","Trichoptera: Limnephilidae: Psychoglypha subborealis (Adult)",1,0,0,0,0,0,0,0,0.01,2.90,"Animalia","Arthropoda","Insecta","Trichoptera","Integripalpia","Limnephiloidea","Limnephilidae","Limnephilinae","Psychoglypha","subborealis","Aquatic","Adult",,"Length-mass regression values from Sabo et al. 2002, Table 2, for Trichoptera. ",00 00 00 00 00 09 3B B2 
416,"TIPR","Trichoptera: Psychomyiidae: Tinodes provo (Adult)",1,0,0,0,0,0,0,0,0.01,2.90,"Animalia","Arthropoda","Insecta","Trichoptera","Annulipalpia","Hydropsychoidea","Psychomyiidae","Psychomyiinae","Tinodes","provo","Aquatic","Adult",,"Length-mass regression values from Sabo et al. 2002, Table 2, for Trichoptera. ",00 00 00 00 00 09 3B B3 
418,"NEOC","Ephemeroptera: Leptophlebiidae: Neochoroterpes spp. (Adult)",1,0,0,0,0,0,0,0,0.01,2.49,"Animalia","Arthropoda","Insecta","Ephemeroptera","Furcatergalia","Leptophlebioidea","Leptophlebiidae","Atalophlebiinae","Neochoroterpes",,"Aquatic","Adult",,"Length-mass regression values from Sabo et al. 2002, Table 2, for Ephemeroptera. ",00 00 00 00 00 09 3B B4 
419,"LYCO","Araneae: Lycosidae (Adult)",0,0,0,0,0,1,0,0,0.05,2.74,"Animalia","Arthropoda","Arachnida","Araneae","Opisthothelae","Lycosoidea","Lycosidae",,,,"Terrestrial","Adult","PredatorWanderer","Length-mass regression values from Sabo et al. 2002, Table 2, for Araneae.",00 00 00 00 00 09 3B B5 
420,"GNAP","Araneae: Gnaphosidae (Adult)",0,0,0,0,0,1,0,0,0.05,2.74,"Animalia","Arthropoda","Arachnida","Araneae","Opisthothelae","Gnaphosoidea","Gnaphosidae",,,,"Terrestrial","Adult","PredatorWanderer","Length-mass regression values from Sabo et al. 2002, Table 2, for Araneae.",00 00 00 00 00 09 3B B6 
421,"ARAN","Araneae: Araneidae (Adult)",0,0,0,0,0,1,0,0,0.05,2.74,"Animalia","Arthropoda","Arachnida","Araneae","Araneomorphae","Araneoidea","Araneidae",,,,"Terrestrial","Adult","PredatorWebbed","Length-mass regression values from Sabo et al. 2002, Table 2, for Araneae.",00 00 00 00 00 09 3B B7 
422,"COLA","Coleoptera (Larva)",0,1,0,0,1,1,1,0,7.7e-03,2.91,"Animalia","Arthropoda","Insecta","Coleoptera",,,,,,,"Terrestrial","Larva","Generalist","Length-mass regression values from Benke et al. 1999, Table 2.",00 00 00 00 00 09 3B B8 
423,"SALT","Araneae: Salticidae (Adult)",0,0,0,0,0,1,0,0,0.05,2.74,"Animalia","Arthropoda","Arachnida","Araneae","Opisthothelae","Salticoidea","Salticidae",,,,"Terrestrial","Adult","PredatorGround","Length-mass regression values from Sabo et al. 2002, Table 2, for Araneae.",00 00 00 00 00 09 3B B9 
424,"TETR","Araneae: Tetragnathidae (Adult)",0,0,0,0,0,1,0,0,0.05,2.74,"Animalia","Arthropoda","Arachnida","Araneae","Araneomorphae","Araneoidea","Tetragnathidae",,,,"Terrestrial","Adult","PredatorWebbed","Length-mass regression values from Sabo et al. 2002, Table 2, for Araneae.",00 00 00 00 00 09 3B BA 
427,"DICT","Araneae: Dictynidae (Adult)",0,0,0,0,0,1,0,0,0.05,2.74,"Animalia","Arthropoda","Arachnida","Araneae","Opisthothelae","Dictynoidea","Dictynidae",,,,"Terrestrial","Adult","PredatorWanderer","Length-mass regression values from Sabo et al. 2002, Table 2, for Araneae.",00 00 00 00 00 09 3B BB 
428,"OXYO","Araneae: Oxyopidae (Adult)",0,0,0,0,0,1,0,0,0.05,2.74,"Animalia","Arthropoda","Arachnida","Araneae","Opisthothelae","Lycosoidea","Oxyopidae",,,,"Terrestrial","Adult","PredatorWanderer","Length-mass regression values from Sabo et al. 2002, Table 2, for Araneae.",00 00 00 00 00 09 3B BC 
429,"LIOC","Araneae: Liocranidae (Adult)",0,0,0,0,0,1,0,0,0.05,2.74,"Animalia","Arthropoda","Arachnida","Araneae","Opisthothelae","Corinnoidea","Liocranidae",,,,"Terrestrial","Adult","PredatorWanderer","Length-mass regression values from Sabo et al. 2002, Table 2, for Araneae.",00 00 00 00 00 09 3B BD 
431,"HYDE","Trichoptera: Hydropsychidae: Hydropsyche spp. (Larva)",0,1,1,0,0,0,0,0,4.8e-03,2.97,"Animalia","Arthropoda","Insecta","Trichoptera","Annulipalpia","Hydropsychoidea","Hydropsychidae","Hydropsychinae","Hydropsyche",,"Aquatic","Larva","CollectorFilterer","Length-mass regression values from Benke et al. 1999, Appendix 1, average of six species of Hydropsyche.",00 00 00 00 00 09 3B BE 
432,"LETR","Trichoptera: Hydroptilidae: Leucotrichia spp. (Larva)",0,1,1,0,0,0,0,0,5.6e-03,2.83,"Animalia","Arthropoda","Insecta","Trichoptera","Spicipalpia","Hydroptiloidea","Hydroptilidae","Hydroptilinae","Leucotrichia",,"Aquatic","Larva","CollectorGatherer","Length-mass regression values from Benke et al. 1999, Table 2, for Trichoptera.",00 00 00 00 00 09 3B BF 
433,"OCHR","Trichoptera: Hydroptilidae: Ochrotrichia spp. (Larva)",0,1,1,0,0,0,0,0,5.6e-03,2.83,"Animalia","Arthropoda","Insecta","Trichoptera","Spicipalpia","Hydroptiloidea","Hydroptilidae","Hydroptilinae","Ochrotrichia",,"Aquatic","Larva","CollectorGatherer","Includes Metrichia. Taxonomy unresolved; difficult to differentiate. Metrichia may be a subgenus. Length-mass regression values from Benke et al. 1999, Table 2, for Trichoptera.",00 00 00 00 00 09 3B C0 
434,"CHIM","Trichoptera: Philopotamidae: Chimarra spp. (Larva)",0,0,1,0,0,0,0,0,5.0e-03,2.67,"Animalia","Arthropoda","Insecta","Trichoptera","Annulipalpia","Philopotamoidea","Philopotamidae","Chimarrinae","Chimarra",,"Aquatic","Larva","CollectorFilterer","Length-mass regression values from Benke et al. 1999, Appendix 1, average of two values.",00 00 00 00 00 09 3B C1 
435,"HELI","Trichoptera: Helicopsychidae: Helicopsyche spp. (Larva)",0,0,1,0,0,0,0,0,0.01,3.09,"Animalia","Arthropoda","Insecta","Trichoptera","Integripalpia","Sericostomatoidea","Helicopsychidae","Helicopsychinae","Helicopsyche",,"Aquatic","Larva","ScraperGrazer","Length-mass regression values from Benke et al. 1999, Appendix 1, for case width.",00 00 00 00 00 09 3B C2 
436,"ACLA","Ephemeroptera: Baetidae: Acentrella spp. (Larva)",0,1,1,0,0,0,0,0,9.6e-03,2.75,"Animalia","Arthropoda","Insecta","Ephemeroptera","Pisciforma","Baetoidea","Baetidae","Baetinae","Acentrella",,"Aquatic","Larva","CollectorGatherer","Length-mass regression values from Johnston et al. 1999, Table 2.  ",00 00 00 00 00 09 3B C3 
438,"LEPT","Ephemeroptera: Leptophlebiidae (Larva)",0,0,1,0,0,0,0,0,4.7e-03,2.68,"Animalia","Arthropoda","Insecta","Ephemeroptera","Furcatergalia","Leptophlebioidea","Leptophlebiidae",,,,"Aquatic","Larva","CollectorGatherer","Length-mass regression values from Benke et al. 1999, Table 4.",00 00 00 00 00 09 3B C4 
439,"CAPN","Plecoptera: Capniidae (Larva)",0,1,1,0,0,0,0,0,4.9e-03,2.56,"Animalia","Arthropoda","Insecta","Plecoptera","Euholognatha","Nemouroidea","Capniidae",,,,"Aquatic","Larva","Shredder","Length-mass regression values from Benke et al. 1999, Table 4.",00 00 00 00 00 09 3B C5 
440,"CULL","Diptera: Culicidae (Larva)",0,0,0,0,0,0,0,0,2.5e-03,2.69,"Animalia","Arthropoda","Insecta","Diptera","Nematocera","Culicoidea","Culicidae",,,,"Aquatic","Larva","CollectorGatherer","Length-mass regression values from Benke et al. 1999, Table 2, for Diptera.",00 00 00 00 00 09 3B C6 
444,"HEMR","Diptera: Empididae: Hemerodromia spp. (Larva)",0,1,1,0,0,0,0,0,6.6e-03,2.44,"Animalia","Arthropoda","Insecta","Diptera","Brachycera","Empidoidea","Empididae","Hemerodromiinae","Hemerodromia",,"Aquatic","Larva","Predator","Length-mass regression values from Benke et al. 1999, Appendix 1, for Empididae.",00 00 00 00 00 09 3B C7 
447,"MARU","Diptera: Psychodidae: Maruina spp. (Larva)",0,0,1,0,0,0,0,0,2.5e-03,2.69,"Animalia","Arthropoda","Insecta","Diptera","Nematocera","Psychodoidea","Psychodidae","Psychodinae","Maruina",,"Aquatic","Larva","CollectorGatherer","Length-mass regression values from Benke et al. 1999, Table 2, for Diptera.",00 00 00 00 00 09 3B C8 
448,"PROB","Diptera: Ceratopogonidae: Probezzia spp. (Larva)",0,0,1,0,0,0,0,0,2.5e-03,2.46,"Animalia","Arthropoda","Insecta","Diptera","Nematocera","Chironomoidea","Ceratopogonidae","Ceratopogoninae","Probezzia",,"Aquatic","Larva","Predator","Length-mass regression values from Benke et al. 1999, Table 4, for Ceratopogonidae.",00 00 00 00 00 09 3B C9 
449,"TABS","Diptera: Tabanidae: Tabanus spp. (Larva)",0,0,1,0,0,0,0,0,5.0e-03,2.59,"Animalia","Arthropoda","Insecta","Diptera","Brachycera","Tabanoidea","Tabanidae","Tabaninae","Tabanus",,"Aquatic","Larva","Predator","Length-mass regression values from Benke et al. 1999, Appendix 1.",00 00 00 00 00 09 3B CA 
450,"CALO","Diptera: Stratiomyidae: Caloparyphus spp. (Larva)",0,1,1,0,0,0,0,0,2.5e-03,2.69,"Animalia","Arthropoda","Insecta","Diptera","Brachycera","Stratiomyoidea","Stratiomyidae","Stratyomyinae","Caloparyphus",,"Aquatic","Larva","CollectorGatherer","Length-mass regression values from Benke et al. 1999, Table 2, for Diptera.",00 00 00 00 00 09 3B CB 
451,"ARGI","Odonata: Coenagrionidae: Argia spp. (Larva)",0,0,1,0,0,0,0,0,8.6e-03,2.66,"Animalia","Arthropoda","Insecta","Odonata","Zygoptera","Coenagrionoidea","Coenagrionidae","Argiinae","Argia",,"Aquatic","Larva","Predator","Length-mass regression values from Benke et al. 1999, Appendix 1.",00 00 00 00 00 09 3B CC 
452,"MCYL","Coleoptera: Elmidae: Microcylloepus spp. (Larva)",0,1,1,0,0,0,0,0,7.4e-03,2.87,"Animalia","Arthropoda","Insecta","Coleoptera","Polyphaga","Byrrhoidea","Elmidae","Elminae","Microcylloepus",,"Aquatic","Larva","CollectorGatherer","Length-mass regression values from Benke et al. 1999, Table 4, for Elmidae.",00 00 00 00 00 09 3B CD 
453,"PETL","Lepidoptera: Crambidae: Petrophila spp. (Larva)",0,1,1,0,0,0,0,0,3.3e-03,2.91,"Animalia","Arthropoda","Insecta","Lepidoptera","Glossota","Pyraloidea","Crambidae","Nymphulinae","Petrophila",,"Aquatic","Larva","ScraperGrazer","Length-mass regression values from Benke et al. 1999, Appendix 1, back-converted to DM using %ash.",00 00 00 00 00 09 3B CE 
454,"HETA","Odonata: Calopterygidae: Hetaerina spp. (Larva)",0,0,1,0,0,0,0,0,5.0e-03,2.74,"Animalia","Arthropoda","Insecta","Odonata","Zygoptera","Calopterygoidea","Calopterygidae","Hetaerininae","Hetaerina",,"Aquatic","Larva","Predator","Length-mass regression values from Benke et al. 1999, Table 4, for Calopterygidae.",00 00 00 00 00 09 3B CF 
455,"FUNG","Diptera: Sciaroidea (Superfamily) (Adult)",1,1,0,1,1,1,1,0,0.10,1.57,"Animalia","Arthropoda","Insecta","Diptera","Nematocera","Sciaroidea",,,,,"Terrestrial","Adult","Generalist","Includes Sciaridae, Diadocidiidae, Ditomyiidae, Keroplatidae, Bolitophilidae, and Mycetophilidae, and Cecidomyiidae. Length-mass regression values from Sabo et al. 2002, Table 2, for Nematocera.",00 00 00 00 00 09 3B D0 
456,"MCYA","Coleoptera: Elmidae: Microcylloepus spp. (Adult)",1,1,1,0,0,0,0,0,0.04,2.64,"Animalia","Arthropoda","Insecta","Coleoptera","Polyphaga","Byrrhoidea","Elmidae","Elminae","Microcylloepus",,"Aquatic","Adult","CollectorGatherer","Length-mass regression values from Sabo et al. 2002, Table 2, for Coleoptera. ",00 00 00 00 00 09 3B D1 
457,"TABL","Diptera: Tabanidae (Larva)",0,0,1,0,0,0,0,0,5.0e-03,2.59,"Animalia","Arthropoda","Insecta","Diptera","Brachycera","Tabanoidea","Tabanidae",,,,"Aquatic","Larva","Predator","Length-mass regression values from Benke et al. 1999, Table 4.",00 00 00 00 00 09 3B D2 
460,"ELOA","Coleoptera: Elmidae: Optioservus spp. (Adult)",0,1,0,0,0,0,0,0,0.04,2.64,"Animalia","Arthropoda","Insecta","Coleoptera","Polyphaga","Byrrhoidea","Elmidae","Elminae","Optioservus",,"Aquatic","Adult","CollectorGatherer","Length-mass regression values from Sabo et al. 2002, Table 2, for Coleoptera. ",00 00 00 00 00 09 3B D3 
462,"LIBE","Odonata: Libellulidae (Larva)",0,0,1,0,0,0,0,0,7.6e-03,2.80,"Animalia","Arthropoda","Insecta","Odonata","Anisoptera","Libelluloidea","Libellulidae",,,,"Aquatic","Larva","Predator","Length-mass regression values from Benke et al. 1999, Table 4. ",00 00 00 00 00 09 3B D4 
464,"POLL","Trichoptera: Polycentropodidae: Polycentropus spp. (Larva)",0,0,1,0,0,0,0,0,7.1e-03,2.53,"Animalia","Arthropoda","Insecta","Trichoptera","Annulipalpia","Hydropsychoidea","Polycentropodidae","Polycentropodinae","Polycentropus",,"Aquatic","Larva","Predator","Length-mass regression values from Benke et al. 1999, Table 4, for dry mass.",00 00 00 00 00 09 3B D5 
467,"NEMT","Diptera: Nematocera (Suborder) (Adult)",1,1,0,1,0,0,0,0,0.10,1.57,"Animalia","Arthropoda","Insecta","Diptera","Nematocera",,,,,,"Intermediate","Adult","Generalist","Length-mass regression values from Sabo et al. 2002, Table 2.",00 00 00 00 00 09 3B D6 
468,"ANTH","Ephemeroptera: Potamanthidae: Anthopotamus spp. (Adult)",1,0,0,0,0,0,0,0,7.1e-03,2.83,"Animalia","Arthropoda","Insecta","Ephemeroptera","Furcatergalia","Potamanthoidea","Potamanthidae","Potamanthiinae","Anthopotamus",,"Aquatic","Adult",,"Length-mass regression values from Benke et al. 1999, Table 2, for Ephemeroptera. ",00 00 00 00 00 09 3B D7 
469,"XIPH","Trichoptera: Xiphocentronidae (Adult)",1,0,0,0,0,0,0,0,0.01,2.90,"Animalia","Arthropoda","Insecta","Trichoptera","Annulipalpia","Hydropsychoidea","Xiphocentronidae",,,,"Aquatic","Adult",,"Length-mass regression values from Sabo et al. 2002, Table 2, for Trichoptera. ",00 00 00 00 00 09 3B D8 
470,"HETE","Trichoptera: Calamoceratidae: Heteroplectron spp. (Adult)",1,0,0,0,0,0,0,0,0.01,2.90,"Animalia","Arthropoda","Insecta","Trichoptera","Integripalpia","Leptoceroidea","Calamoceratidae","Calamoceratinae","Heteroplectron",,"Aquatic","Adult",,"Length-mass regression values from Sabo et al. 2002, Table 2, for Trichoptera. ",00 00 00 00 00 09 3B D9 
471,"PESP","Ephemeroptera: Ephemeridae: Pentagenia spp. (Adult)",1,0,0,0,0,0,0,0,0.01,2.49,"Animalia","Arthropoda","Insecta","Ephemeroptera","Furcatergalia","Ephemeroidea","Ephemeridae","Palingeniinae","Pentagenia",,"Aquatic","Adult",,"Length-mass regression values from Sabo et al. 2002, Table 2, for Ephemeroptera. ",00 00 00 00 00 09 3B DA 
472,"MYST","Trichoptera: Leptoceridae: Mystacides spp. (Adult)",1,0,0,0,0,0,0,0,0.01,2.90,"Animalia","Arthropoda","Insecta","Trichoptera","Integripalpia","Leptoceroidea","Leptoceridae","Leptocerinae","Mystacides",,"Aquatic","Adult",,"Length-mass regression values from Sabo et al. 2002, Table 2, for Trichoptera. ",00 00 00 00 00 09 3B DB 
473,"EPIN","Ephemeroptera: Ephemerellidae: Ephemerella inermis (Adult)",1,0,0,0,0,0,0,0,0.01,2.49,"Animalia","Arthropoda","Insecta","Ephemeroptera","Furcatergalia","Ephemerelloidea","Ephemerellidae","Ephemerellinae","Ephemerella","inermis","Aquatic","Adult",,"Length-mass regression values from Sabo et al. 2002, Table 2, for Ephemeroptera. ",00 00 00 00 00 09 3B DC 
474,"QUAG","Veneroida: Dreissenidae: Dreissena bugensis (Adult)",1,1,1,0,0,0,1,0,0.03,2.73,"Animalia","Mollusca","Bivalvia","Veneroida","Dreissenacea","Dreissenoidea","Dreissenidae","Dreisseninae","Dreissena","bugensis","Aquatic","Adult","CollectorFilterer","Length-mass regression values from Benke et al. 1999, Appendix 2, average value for all species listed under Bivalvia, for AFDM.",00 00 00 00 00 09 3B DD 
476,"DYTA","Coleoptera: Dytiscidae (Adult)",1,0,0,0,0,0,0,0,0.06,2.50,"Animalia","Arthropoda","Insecta","Coleoptera","Adephaga","Dytiscoidea","Dytiscidae",,,,"Aquatic","Adult","Predator","Length-mass regression values from Benke et al. 1999, Appendix 1, for Hydroporus spp.",00 00 00 00 00 09 3B DE 
478,"RHAG","Hemiptera: Veliidae: Rhagovelia spp. (Adult)",0,0,1,0,0,0,0,0,8.3e-03,2.77,"Animalia","Arthropoda","Insecta","Hemiptera","Heteroptera","Gerroidea","Veliidae","Rhagoveliinae","Rhagovelia",,"Aquatic","Adult","Predator","Length-mass regression values from Benke et al. 1999, Appendix 1.",00 00 00 00 00 09 3B DF 
479,"TINL","Trichoptera: Psychomyiidae: Tinodes spp. (Larva)",0,0,1,0,0,0,0,0,0.39,2.87,"Animalia","Arthropoda","Insecta","Trichoptera","Annulipalpia","Hydropsychoidea","Psychomyiidae","Psychomyiinae","Tinodes",,"Aquatic","Larva","CollectorGatherer","Length-mass regression values from Benke et al. 1999, Appendix 1, for Lype diversa.",00 00 00 00 00 09 3B E0 
480,"SILV","Diptera: Tabanidae: Silvius spp. (Larva)",0,0,1,0,0,0,0,0,5.0e-03,2.59,"Animalia","Arthropoda","Insecta","Diptera","Brachycera","Tabanoidea","Tabanidae","Chrysopsinae","Silvius",,"Aquatic","Larva","Predator","Length-mass regression values from Benke et al. 1999, Appendix 1, for Tabanus spp. ",00 00 00 00 00 09 3B E1 
481,"DIXL","Diptera: Dixidae: Dixa spp. (Larva)",0,1,1,0,0,0,0,0,2.5e-03,2.69,"Animalia","Arthropoda","Insecta","Diptera","Nematocera","Culicoidea","Dixidae","Dixinae","Dixa",,"Aquatic","Larva","CollectorFilterer","Length-mass regression values from Benke et al. 1999, Table 2, for Diptera.",00 00 00 00 00 09 3B E2 
482,"WIEL","Diptera: Empididae: Wiedemannia spp. (Larva)",0,1,1,0,0,0,0,0,6.6e-03,2.43,"Animalia","Arthropoda","Insecta","Diptera","Brachycera","Empidoidea","Empididae","Empidinae","Wiedemannia",,"Aquatic","Larva","Predator","Length-mass regression values from Benke et al. 1999, Appendix 1, for Empididae.",00 00 00 00 00 09 3B E3 
483,"DICL","Diptera: Tipulidae: Dicranota spp. (Larva)",0,0,1,0,0,0,0,0,2.8e-03,2.63,"Animalia","Arthropoda","Insecta","Diptera","Nematocera","Tipuloidea","Tipulidae","Limoniinae","Dicranota",,"Aquatic","Larva","Shredder","Length-mass regression values from Benke et al. 1999, Appendix 1, back-converted to DM using %ash.",00 00 00 00 00 09 3B E4 
485,"WIEA","Diptera: Empididae: Wiedemannia spp. (Adult)",1,1,1,0,0,0,1,0,6.0e-03,3.05,"Animalia","Arthropoda","Insecta","Diptera","Brachycera","Empidoidea","Empididae","Empidinae","Wiedemannia",,"Aquatic","Adult","Herbivore","Length-mass regression values from Sabo et al. 2002, Table 2, for Brachycera.",00 00 00 00 00 09 3B E5 
486,"POLY","Trichoptera: Polycentropodidae (Larva)",0,0,1,0,0,0,0,0,4.7e-03,2.70,"Animalia","Arthropoda","Insecta","Trichoptera","Annulipalpia","Hydropsychoidea","Polycentropodidae",,,,"Aquatic","Larva","CollectorGatherer","Length-mass regression values from Benke et al. 1999, Table 4.",00 00 00 00 00 09 3B E6 
487,"RHCL","Trichoptera: Rhyacophilidae: Rhyacophila coloradensis (Larva)",0,0,1,0,0,0,0,0,9.9e-03,2.48,"Animalia","Arthropoda","Insecta","Trichoptera","Spicipalpia","Rhyacophiloidea","Rhyacophilidae","Rhyacophilinae","Rhyacophila","coloradensis","Aquatic","Larva","Predator","Length-mass regression values from Benke et al. 1999, Appendix 1, for Rhyacophilidae spp. ",00 00 00 00 00 09 3B E7 
488,"CAPL","Plecoptera: Capniidae: Capnia spp. (Larva)",0,0,1,0,0,0,0,0,4.9e-03,2.56,"Animalia","Arthropoda","Insecta","Plecoptera","Euholognatha","Nemouroidea","Capniidae","Capniinae","Capnia",,"Aquatic","Larva","Shredder","Length-mass regression values from Benke et al. 1999, Table 4, for Capniidae.",00 00 00 00 00 09 3B E8 
489,"CAPA","Plecoptera: Capniidae (Adult)",0,0,1,0,0,0,0,0,0.26,1.69,"Animalia","Arthropoda","Insecta","Plecoptera","Euholognatha","Nemouroidea","Capniidae",,,,"Aquatic","Adult","Herbivore","Length-mass regression values from Sabo et al. 2002, Table 2, for Plecoptera. ",00 00 00 00 00 09 3B E9 
490,"TAPL","Anura (Larva)",0,0,1,0,0,0,0,0,,,"Animalia","Chordata","Amphibia","Anura",,,,,,,"Aquatic","Larva","Generalist",,00 00 00 00 00 09 3B EA 
492,"LYMN","Hygrophila: Lymnaeidae (Adult)",0,1,1,0,0,0,0,0,0.02,3.03,"Animalia","Mollusca","Gastropoda","Hygrophila","Branchiopulmonata","Lymnaeoidea","Lymnaeidae",,,,"Aquatic","Adult","ScraperGrazer","Possibly Fossaria? Length-mass regression values from Benke et al. 1999, Appendix 2, average of Gastropoda values, for AFDM.",00 00 00 00 00 09 3B EB 
493,"DIPP","Diptera (Pupa)",0,1,0,0,0,0,0,0,2.5e-03,2.69,"Animalia","Arthropoda","Insecta","Diptera",,,,,,,"Terrestrial","Pupa","NonFeeding","Length-mass regression values from Benke et al. 1999, Table 2, for Diptera larvae.",00 00 00 00 00 09 3B EC 
494,"TIPP","Diptera: Tipulidae (Pupa)",0,1,0,0,0,0,0,0,2.9e-03,2.68,"Animalia","Arthropoda","Insecta","Diptera","Nematocera","Tipuloidea","Tipulidae",,,,"Aquatic","Pupa","NonFeeding","Infraorder. Length-mass regression values from Benke et al. 1999, Table 4, for Tipulidae larvae.",00 00 00 00 00 09 3B ED 
495,"ELMA","Coleoptera: Elmidae (Adult)",1,1,0,0,0,0,0,0,0.04,2.64,"Animalia","Arthropoda","Insecta","Coleoptera","Polyphaga","Byrrhoidea","Elmidae",,,,"Aquatic","Adult","CollectorGatherer","Length-mass regression values from Sabo et al. 2002, Table 2, for Coleoptera. ",00 00 00 00 00 09 3B EE 
496,"ODOA","Odonata (Adult)",1,0,0,0,0,0,1,0,0.14,2.27,"Animalia","Arthropoda","Insecta","Odonata",,,,,,,"Aquatic","Adult","Predator","Length-mass regression values from Sabo et al. 2002, Table 2.",00 00 00 00 00 09 3B EF 
497,"OLIG","Clitellata (Adult)",0,1,1,0,0,0,1,0,2.8e-03,1.99,"Animalia","Annelida","Clitellata",,,,,,,,"Aquatic","Adult","Generalist","Length-mass regression values from Miserendino 2001, Table 1, average value for Annelida. ",00 00 00 00 00 09 3B F0 
498,"MANT","Mantodea (Adult)",1,0,0,0,0,0,0,0,2.49,-3.62,"Animalia","Arthropoda","Insecta","Mantodea",,,,,,,"Terrestrial","Adult","Predator","Length-mass regression values from Sample et al. 1993, Table 1, for Insecta. ",00 00 00 00 00 09 3B F1 
499,"ENOC","Coleoptera: Hydrophilidae: Enochrus spp. (Adult)",1,0,0,0,0,0,0,0,0.04,2.64,"Animalia","Arthropoda","Insecta","Coleoptera","Polyphaga","Hydrophiloidea","Hydrophilidae","Hydrophilinae","Enochrus",,"Aquatic","Adult","CollectorGatherer","Length-mass regression values from Sabo et al. 2002, Table 2, for Coleoptera. ",00 00 00 00 00 09 3B F2 
500,"OCTH","Diptera: Ephydridae: Ochthera spp. (Adult)",1,0,0,0,0,0,0,0,6.0e-03,3.05,"Animalia","Arthropoda","Insecta","Diptera","Brachycera","Ephydroidea","Ephydridae","Parydrinae","Ochthera",,"Aquatic","Adult",,"Length-mass regression values from Sabo et al. 2002, Table 2, for Brachycera.",00 00 00 00 00 09 3B F3 
501,"DYTL","Coleoptera: Dytiscidae (Larva)",0,1,0,0,0,0,0,0,7.7e-03,2.91,"Animalia","Arthropoda","Insecta","Coleoptera","Adephaga","Dytiscoidea","Dytiscidae",,,,"Aquatic","Larva","Predator","Length-mass regression values from Benke et al. 1999, Table 2, for Coleoptera.",00 00 00 00 00 09 3B F4 
502,"CHEL","Diptera: Empididae: Chelifera spp. (Adult)",1,1,0,0,0,0,1,0,6.0e-03,3.05,"Animalia","Arthropoda","Insecta","Diptera","Brachycera","Empidoidea","Empididae","Hemerodromiinae","Chelifera",,"Aquatic","Adult","Predator","Length-mass regression values from Sabo et al. 2002, Table 2, for Brachycera.",00 00 00 00 00 09 3B F5 
505,"BESP","Coleoptera: Hydrophilidae: Berosus spp. (Adult)",1,0,0,0,0,0,0,0,0.04,2.64,"Animalia","Arthropoda","Insecta","Coleoptera","Polyphaga","Hydrophiloidea","Hydrophilidae","Hydrophilinae","Berosus",,"Aquatic","Adult","CollectorGatherer","Length-mass regression values from Sabo et al. 2002, Table 2, for Coleoptera. ",00 00 00 00 00 09 3B F6 
506,"POLA","Trichoptera: Polycentropodidae (Adult)",1,0,0,0,0,0,0,0,0.01,2.90,"Animalia","Arthropoda","Insecta","Trichoptera","Annulipalpia","Hydropsychoidea","Polycentropodidae",,,,"Aquatic","Adult",,"Length-mass regression values from Sabo et al. 2002, Table 2, for Trichoptera.",00 00 00 00 00 09 3B F7 
507,"FISL","Actinopterygii (Larva)",0,0,0,0,0,0,0,0,,,"Animalia","Chordata","Actinopterygii",,,,,,,,"Aquatic","Larva","Generalist",,00 00 00 00 00 09 3B F8 
509,"GAMM","Amphipoda: Gammaridae: Gammarus lacustris (Adult)",0,1,1,0,0,0,1,0,8.45e-03,2.87,"Animalia","Arthropoda","Malacostraca","Amphipoda","Gammaridea","Gammaroidea","Gammaridae","Gammarinae","Gammarus","lacustris","Aquatic","Adult","Shredder","Length-mass regression values from Benke et al. 1999, Appendix 1, average of G. minus and G. pseudolimnaeus.",00 00 00 00 00 09 3B F9 
510,"HOPP","Hemiptera: Auchenorrhyncha (Suborder) (Adult)",1,1,0,1,1,1,1,0,3.07,-4.78,"Animalia","Arthropoda","Insecta","Hemiptera","Auchenorrhyncha",,,,,,"Terrestrial","Adult","Herbivore","Length-mass regression values from Sample et al. 1993, Table 1, for Hemiptera.",00 00 00 00 00 09 3B FA 
511,"HYDS","Coleoptera: Hydrophilidae (Adult)",1,0,0,0,0,0,0,0,0.04,2.64,"Animalia","Arthropoda","Insecta","Coleoptera","Polyphaga","Hydrophiloidea","Hydrophilidae",,,,"Aquatic","Adult","Generalist","Length-mass regression values from Sabo et al. 2002, Table 2, for Coleoptera.",00 00 00 00 00 09 3B FB 
513,"NOTE","Coleoptera: Noteridae (Adult)",1,0,0,0,0,0,0,0,0.04,2.64,"Animalia","Arthropoda","Insecta","Coleoptera","Adephaga","Dytiscoidea","Noteridae",,,,"Aquatic","Adult","Predator","Length-mass regression values from Sabo et al. 2002, Table 2, for Coleoptera.",00 00 00 00 00 09 3B FC 
514,"OEHI","Trichoptera: Leptoceridae: Oecetis houghtoni (Adult)",1,0,0,0,0,0,0,0,0.01,2.90,"Animalia","Arthropoda","Insecta","Trichoptera","Integripalpia","Leptoceroidea","Leptoceridae","Leptocerinae","Oecetis","houghtoni","Aquatic","Adult","Predator","Length-mass regression values from Sabo et al. 2002, Table 2, for Trichoptera.",00 00 00 00 00 09 3B FD 
515,"LIPR","Trichoptera: Limnephilidae: Limnephilus productus (Adult)",1,0,0,0,0,0,0,0,0.01,2.90,"Animalia","Arthropoda","Insecta","Trichoptera","Integripalpia","Limnephiloidea","Limnephilidae","Limnephilinae","Limnephilus","productus","Aquatic","Adult",,"Length-mass regression values from Sabo et al. 2002, Table 2, for Trichoptera.",00 00 00 00 00 09 3B FE 
516,"OESO","Trichoptera: Leptoceridae: Oecetis sordida (Adult)",1,0,0,0,0,0,0,0,0.01,2.90,"Animalia","Arthropoda","Insecta","Trichoptera","Integripalpia","Leptoceroidea","Leptoceridae","Leptocerinae","Oecetis","sordida","Aquatic","Adult","Predator","Length-mass regression values from Sabo et al. 2002, Table 2, for Trichoptera.",00 00 00 00 00 09 3B FF 
517,"OEIN","Trichoptera: Leptoceridae: Oecetis inconspicua (Adult)",1,0,0,0,0,0,0,0,0.01,2.90,"Animalia","Arthropoda","Insecta","Trichoptera","Integripalpia","Leptoceroidea","Leptoceridae","Leptocerinae","Oecetis","inconspicua","Aquatic","Adult","Predator","Length-mass regression values from Sabo et al. 2002, Table 2, for Trichoptera.",00 00 00 00 00 09 3C 01 
519,"CHLR","Plecoptera: Chloroperlidae (Larva)",0,0,1,0,0,0,0,0,6.5e-03,2.72,"Animalia","Arthropoda","Insecta","Plecoptera","Systellognatha","Perloidea","Chloroperlidae",,,,"Aquatic","Larva","Predator","Length-mass regression values from Benke et al. 1999, Table 4.",00 00 00 00 00 09 3C 02 
520,"DIXA","Diptera: Dixidae: Dixa spp. (Adult)",1,0,0,0,0,0,0,0,0.10,1.57,"Animalia","Arthropoda","Insecta","Diptera","Nematocera","Culicoidea","Dixidae","Dixinae","Dixa",,"Aquatic","Adult","NonFeeding","Length-mass regression values from Sabo et al. 2002, Table 2, for Nematocera.",00 00 00 00 00 09 3C 03 
521,"LIOA","Coleoptera: Dytiscidae: Liodessus spp. (Adult)",1,0,0,0,0,0,0,0,,,"Animalia","Arthropoda","Insecta","Coleoptera",,,"Dytiscidae",,"Liodessus",,"Aquatic","Adult","Predator",,00 00 00 00 00 0A 5C 31 
