"SpID","SpeciesID","Description","CommonName","Fishgut","FishgutPrey","LightTrap","Benthic","Drift","Sticky","Pitfall","Malaise","RegressionA","RegressionB","Kingdom","Phylum","Class","Order","Superfamily","Family","Genus","Species","Habitat","Stage","FFG","MHBI","Notes","Group","BenthicID","DriftID","AFDM_Multiplier"
1,"CHYD","Coleoptera: Hydroscaphidae (Adult)","skiff beetle",0,0,0,0,1,0,0,0,,,"Animalia","Arthropoda","Insecta","Coleoptera",,"Hydroscaphidae",,,"Aquatic","Adult",,,,"AQCOLE",,,
2,"CLAD","Cladophorales: Cladophoraceae: Cladophora glomerata","Filamentous green algae",0,0,0,1,0,1,0,1,,,"Plantae","Chlorophyta","Ulvophyceae","Cladophorales",,"Cladophoraceae","Cladophora","glomerata","Aquatic",,,,,"AQPLAN",,,
3,"POTA","Alismatales: Potamogetonaceae: Potamogeton spp.","Pond weed",0,0,0,0,0,0,0,0,,,"Plantae","Tracehophyta","Liliopsida","Alismatales",,"Potamogetonaceae","Potamogeton",,"Aquatic",,,,,"AQPLAN",,,
4,"ULOT","Ulotrichales: Ulotrichaceae: Ulothrix spp.","Filamentous green algae",0,0,0,0,0,0,0,0,,,"Plantae","Chlorophyta","Ulvophyceae","Ulotrichales",,"Ulotrichaceae","Ulothrix",,"Aquatic",,,,,"AQPLAN",,,
5,"ZYGN","Zygnematales","Green algae",0,1,0,0,0,0,0,0,,,"Plantae","Charophyta","Zygnematophyceae","Zygnematales",,,,,"Aquatic",,,,,"AQPLAN",,,
6,"SPID","Araneae (Adult)","Spider",0,1,1,0,1,1,0,1,,,"Animalia","Arthropoda","Arachnida","Araneae",,,,,"Terrestrial","Adult",,,,"TEARAC",,,
7,"MITE","Trombidiformes (Adult)","Aquatic mite",0,1,1,1,1,1,0,1,2.66e-03,1.00,"Animalia","Arthropoda","Arachnida","Trombidiformes",,,,,"Aquatic","Adult","Predator",,,"AQMITE",3.00,3.00,1.00
8,"SCOR","Scorpiones (Adult)","Scorpion",0,1,1,0,0,0,0,0,,,"Animalia","Arthropoda","Arachnida","Scorpiones",,,,,"Terrestrial","Adult",,,,"TEARAC",,,
9,"BIRD","Aves","Bird",0,0,0,0,0,0,0,0,,,"Animalia","Chordata","Aves",,,,,,"Terrestrial",,,,,"TEBIRD",,,
10,"CENT","Chilopoda","Centipede",1,1,0,0,1,0,0,0,,,"Animalia","Arthropoda","Chilopoda",,,,,,"Terrestrial",,,,,"TECENT",,,
11,"HYDR","Hydrozoa","Hydra",0,0,0,1,1,0,0,0,,,"Animalia","Cnidaria","Hydrozoa",,,,,,"Aquatic",,,,,"AQMISC",10.00,10.00,
12,"CARA","Coleoptera: Carabidae (Adult)","ground beetle",0,0,1,1,1,1,1,1,,,"Animalia","Arthropoda","Insecta","Coleoptera",,"Carabidae",,,"Terrestrial","Adult","PredatorWanderer",,,"TECOLE",,,
13,"CERM","Coleoptera: Cerambycidae (Adult)","longhorned beetle",0,0,1,0,0,0,0,0,,,"Animalia","Arthropoda","Insecta","Coleoptera","Chrysomeloidea","Cerambycidae",,,"Terrestrial","Adult",,,,"TECOLE",,,
14,"CHRY","Coleoptera: Chrysomelidae (Adult)","leaf beetle",0,0,1,1,1,0,1,0,,,"Animalia","Arthropoda","Insecta","Coleoptera","Chrysomeloidea","Chrysomelidae",,,"Terrestrial","Adult","Herbivore",,,"TECOLE",,,
15,"COCC","Coleoptera: Coccinelidae (Adult)","ladybug",0,1,1,0,1,1,0,1,,,"Animalia","Arthropoda","Insecta","Coleoptera","Cucujoidea ","Coccinelidae",,,"Terrestrial","Adult",,,,"TECOLE",,,
16,"CURC","Coleoptera: Curculionidae (Adult)","weevil",0,0,1,0,1,1,1,1,,,"Animalia","Arthropoda","Insecta","Coleoptera","Curculionoidea","Curculionidae",,,"Terrestrial","Adult","Herbivore",,,"TECOLE",,,
17,"ELAT","Coleoptera: Elateridae (Adult)","click beetle",0,0,1,0,0,0,0,0,,,"Animalia","Arthropoda","Insecta","Coleoptera","Elateroidea","Elateridae",,,"Terrestrial","Adult",,,,"TECOLE",,,
18,"ELML","Coleoptera: Elmidae (Larva)","riffle beetle",0,0,0,1,1,0,0,0,3.9e-03,2.96,"Animalia","Arthropoda","Insecta","Coleoptera","Byrrhoidea","Elmidae",,,"Aquatic","Larva","ScraperGrazer","4",,"AQCOLE",15.00,15.00,1.00
19,"MELO","Coleoptera: Meloidae (Adult)","blister beetle",0,0,1,0,0,0,0,0,,,"Animalia","Arthropoda","Insecta","Coleoptera","Tenebrionoidea","Meloidae",,,"Terrestrial","Adult",,,,"TECOLE",,,
20,"NOXS","Coleoptera: Anthicidae: Notoxus spp. (Adult)","antlike flower beetle",0,0,1,0,0,1,1,1,,,"Animalia","Arthropoda","Insecta","Coleoptera","Tenebrionoidea","Anthicidae","Notoxus",,"Terrestrial","Adult","Generalist",,,"TECOLE",,,
21,"SCAR","Coleoptera: Scarabaeidae (Adult)","scarab beetle",0,0,1,0,0,0,1,0,,,"Animalia","Arthropoda","Insecta","Coleoptera",,"Scarabaeidae",,,"Terrestrial","Adult","Generalist",,,"TECOLE",,,
22,"TENE","Coleoptera: Tenebrionidae (Adult)","darkling beetle",0,0,1,0,0,0,1,0,,,"Animalia","Arthropoda","Insecta","Coleoptera","Tenebrionoidea","Tenebrionidae",,,"Terrestrial","Adult","Generalist",,,"TECOLE",,,
23,"COLE","Coleoptera (Adult)","Beetle adult (generic)",0,1,1,1,1,1,1,1,,,"Animalia","Arthropoda","Insecta","Coleoptera",,,,,"Terrestrial","Adult","Generalist",,,"TECOLE",,,
24,"CLAC","Cladocera: Daphniidae: Daphnia spp.","Daphnia zooplankton; smaller species",0,0,0,1,1,0,0,0,2.33e-03,1.00,"Animalia","Arthropoda","Branchiopoda","Cladocera",,"Daphniidae","Daphnia",,"Aquatic",,,,,"AQMISC",23.00,23.00,1.00
25,"COPE","Maxillopoda","Copepod zooplankton",0,1,0,1,1,0,0,0,1.0e-03,1.00,"Animalia","Arthropoda","Maxillopoda",,,,,,"Aquatic",,,,,"AQMISC",22.00,22.00,1.00
26,"DAPH","Cladocera: Daphniidae: Daphnia spp.","Daphnia zooplankton; larger species",0,1,0,1,1,0,0,0,2.33e-03,1.00,"Animalia","Arthropoda","Branchiopoda","Cladocera",,"Daphniidae","Daphnia",,"Aquatic",,,,,"AQMISC",24.00,24.00,1.00
27,"HARP","Harpacticoida","Benthic copepod zooplankton",0,0,0,1,1,0,0,0,,,"Animalia","Arthropoda","Maxillopoda","Harpacticoida",,,,,"Aquatic",,,,,"AQMISC",27.00,30.00,
28,"DETI","Detritus (inorganic)","Detritus (inorganic)",0,0,0,0,0,0,0,0,,,,,,,,,,,"Aquatic",,,,,"AQMISC",,,
29,"DETO","Detritus (organic)","Detritus (organic)",0,0,0,0,0,0,0,0,,,"Plantae",,,,,,,,"Aquatic",,,,,"AQPLAN",,,
30,"DIPL","Diptera (Larva)","Aquatic fly larva (generic)",1,1,0,1,1,0,0,0,,,"Animalia","Arthropoda","Insecta","Diptera",,,,,"Aquatic","Larva",,,,"AQDIPT",18.00,18.00,
31,"ASIL","Diptera: Asilidae (Adult)","robber fly",0,0,1,0,0,1,0,1,,,"Animalia","Arthropoda","Insecta","Diptera","Asiloidea","Asilidae",,,"Terrestrial","Adult",,,,"TEDIPT",,,
32,"BLEL","Diptera: Blephariceridae (Larva)","net-winged midge",0,0,0,1,0,0,0,0,0.00,0.00,"Animalia","Arthropoda","Insecta","Diptera",,"Blephariceridae",,,"Aquatic","Larva","ScraperGrazer","0",,"AQDIPT",32.00,,0.00
33,"BOMB","Diptera: Bombyliidae (Adult)","bee fly",0,1,1,0,0,1,0,1,,,"Animalia","Arthropoda","Insecta","Diptera","Asiloidea","Bombyliidae",,,"Terrestrial","Adult",,,,"TEDIPT",,,
34,"CECA","Diptera: Cecidomyiidae (Adult)","gall midge",0,0,1,0,1,1,0,1,,,"Animalia","Arthropoda","Insecta","Diptera","Sciaroidea","Cecidomyiidae",,,"Terrestrial","Adult",,,,"TEDIPT",,,
35,"CERL","Diptera: Ceratopogonidae (Larva)","",0,1,0,1,1,0,0,0,2.2e-04,2.87,"Animalia","Arthropoda","Insecta","Diptera",,"Ceratopogonidae",,,"Aquatic","Larva","Predator","6",,"AQDIPT",29.00,,1.00
36,"CERA","Diptera: Ceratopogonidae (Adult)","biting midge adults",0,1,1,1,1,1,1,1,,,"Animalia","Arthropoda","Insecta","Diptera",,"Ceratopogonidae",,,"Aquatic","Adult","Predator","6",,"AQDIPT",,,
37,"CHIA","Diptera: Chironomidae (Adult)","midge adults",0,1,1,1,1,1,1,1,,,"Animalia","Arthropoda","Insecta","Diptera",,"Chironomidae",,,"Aquatic","Adult",,"6",,"AQDIPT",,33.00,
38,"CHIL","Diptera: Chironomidae (Larva)","midge larvae",0,1,0,1,1,0,0,0,6.0e-04,2.77,"Animalia","Arthropoda","Insecta","Diptera",,"Chironomidae",,,"Aquatic","Larva",,"6",,"AQDIPT",19.00,19.00,1.00
39,"CHIP","Diptera: Chironomidae (Pupa)","",0,1,0,1,1,0,1,0,,,"Animalia","Arthropoda","Insecta","Diptera",,"Chironomidae",,,"Aquatic","Pupa",,"6",,"AQDIPT",26.00,26.00,0.00
41,"CHIS","Diptera: Chironomidae (Adult)","",0,1,1,0,0,0,0,0,,,"Animalia","Arthropoda","Insecta","Diptera",,"Chironomidae",,"s","Aquatic","Adult","CollectorGatherer","6",,"AQDIPT",,,
42,"CHIB","Diptera: Chironomidae (Adult)","",0,1,1,0,0,0,0,0,,,"Animalia","Arthropoda","Insecta","Diptera",,"Chironomidae",,"l","Aquatic","Adult","CollectorGatherer","6",,"AQDIPT",,,
43,"CULA","Diptera: Culicidae (Adult)","mosquito",0,1,1,0,0,1,0,1,,,"Animalia","Arthropoda","Insecta","Diptera",,"Culicidae",,,"Aquatic","Adult","CollectorFilterer","8",,"AQDIPT",,,
44,"DOLA","Diptera: Dolichopodidae (Adult)","longlegged fly",0,1,1,0,1,1,0,1,,,"Animalia","Arthropoda","Insecta","Diptera","Empidoidea","Dolichopodidae",,,"Terrestrial","Adult",,,,"TEDIPT",,,
45,"EMPL","Diptera: Empididae (Larva)","dagger fly",0,1,0,1,1,0,0,0,4.0e-03,2.65,"Animalia","Arthropoda","Insecta","Diptera","Empidoidea","Empididae",,,"Aquatic","Larva","Predator","6","Aquatic?","AQDIPT",31.00,,1.00
46,"EPHY","Diptera: Ephydridae (Adult)","shorefly",0,0,1,0,1,0,0,0,,,"Animalia","Arthropoda","Insecta","Diptera","Ephydroidea","Ephydridae",,,"Aquatic","Adult","Shredder","6",,"AQDIPT",,,
47,"MILA","Diptera: Milichiidae (Adult)","fleeloader fly",0,1,1,0,0,0,0,0,,,"Animalia","Arthropoda","Insecta","Diptera",,"Milichiidae",,,"Terrestrial","Adult",,,,"TEDIPT",,,
48,"MUSC","Diptera: Muscidae (Adult)","house fly",0,1,1,0,1,1,0,1,,,"Animalia","Arthropoda","Insecta","Diptera","Muscoidea","Muscidae",,,"Terrestrial","Adult",,,,"TEDIPT",,,
49,"MYCA","Diptera: Mycetophilidae (Adult)","fungus gnat",0,1,1,0,0,1,0,1,,,"Animalia","Arthropoda","Insecta","Diptera","Sciaroidea","Mycetophilidae",,,"Terrestrial","Adult",,,,"TEDIPT",,,
50,"PHOA","Diptera: Phoridae (Adult)","scuttle fly",0,1,1,0,0,1,0,1,,,"Animalia","Arthropoda","Insecta","Diptera","Platypezoidea","Phoridae",,,"Terrestrial","Adult",,,,"TEDIPT",,,
51,"SIMA","Diptera: Simuliidae (Adult)","black fly",0,1,1,1,1,1,1,1,,,"Animalia","Arthropoda","Insecta","Diptera",,"Simuliidae",,,"Aquatic","Adult","CollectorFilterer","6",,"AQDIPT",,34.00,
52,"SIML","Diptera: Simuliidae (Larva)","",0,1,0,1,1,0,0,0,4.0e-03,2.80,"Animalia","Arthropoda","Insecta","Diptera",,"Simuliidae",,,"Aquatic","Larva","CollectorFilterer","6",,"AQDIPT",5.00,5.00,1.00
53,"SIMP","Diptera: Simuliidae (Pupa)","",0,1,0,1,1,0,0,0,,,"Animalia","Arthropoda","Insecta","Diptera",,"Simuliidae",,,"Aquatic","Pupa","CollectorFilterer","6",,"AQDIPT",28.00,27.00,0.00
55,"SPHA","Diptera: Sphaeroceridae (Adult)","lesser dung fly",0,1,1,0,1,0,0,0,,,"Animalia","Arthropoda","Insecta","Diptera",,"Sphaeroceridae",,,"Terrestrial","Adult",,,,"TEDIPT",,,
56,"TABA","Diptera: Tabanidae (Adult)","horse fly",0,0,1,0,0,0,0,0,,,"Animalia","Arthropoda","Insecta","Diptera",,"Tabanidae",,,"Terrestrial","Adult",,,,"TEDIPT",,,
57,"TANA","Diptera: Tanyderidae (Adult)","primitive crane fly",0,1,1,0,0,1,0,1,,,"Animalia","Arthropoda","Insecta","Diptera","Tipulomorpha","Tanyderidae",,,"Terrestrial","Adult",,,"semi-aquatic","TEDIPT",,,
58,"DIPT","Diptera (Adult)","Fly adult (generic)",0,1,1,1,1,1,1,1,,,"Animalia","Arthropoda","Insecta","Diptera",,,,,"Terrestrial","Adult","Generalist",,,"TEDIPT",,,
59,"TIPA","Diptera: Tipulidae (Adult)","crane fly",0,0,1,0,1,1,0,1,,,"Animalia","Arthropoda","Insecta","Diptera","Tipulomorpha","Tipulidae",,,"Terrestrial","Adult",,,"possibly aquatic","TEDIPT",,,
60,"TIPL","Diptera: Tipulidae (Larva)","molopholus",0,1,0,1,1,0,0,0,0.00,0.00,"Animalia","Arthropoda","Insecta","Diptera","Tipulomorpha","Tipulidae",,,"Aquatic","Larva","Shredder","3","Aquatic?","AQDIPT",33.00,,0.00
61,"DIRE","Diptera (Adult)","",0,0,1,0,1,0,0,0,,,"Animalia","Arthropoda","Insecta","Diptera",,,,,"Terrestrial","Adult",,,,"TEDIPT",,,
62,"EPHL","Ephemeroptera (Larva)","mayfly",0,1,1,1,1,0,1,0,0.00,0.00,"Animalia","Arthropoda","Insecta","Ephemeroptera",,,,,"Aquatic","Larva",,,,"AQEPHE",40.00,,0.00
63,"EPHA","Ephemeroptera (Adult)","",0,1,1,0,1,1,0,1,,,"Animalia","Arthropoda","Insecta","Ephemeroptera",,,,,"Aquatic","Adult",,,,"AQEPHE",,,
64,"BHS","Cyprinoformes: Catostomidae: Catostomus discobolus","Bluehead sucker",1,1,0,0,0,0,0,0,,,"Animalia","Chordata","Actinopterygii","Cyprinoformes",,"Catostomidae","Catostomus","discobolus","Aquatic",,,,,"AQMISC",,,
65,"FEGG","Actinopterygii","Fish eggs",0,1,0,1,0,0,0,0,,,"Animalia","Chordata","Actinopterygii",,,,,,"Aquatic",,,,,"AQMISC",,,
66,"FMS","Cyprinoformes: Catostomidae: Catostomus latipinnis","Flannelmouth sucker",1,1,0,0,1,0,0,0,,,"Animalia","Chordata","Actinopterygii","Cyprinoformes",,"Catostomidae","Catostomus","latipinnis","Aquatic",,,,,"AQMISC",,,
67,"HBC","Cyprinoformes: Cyprinidae: Gila cypha","Humpback chub",1,0,0,0,0,0,0,0,,,"Animalia","Chordata","Actinopterygii","Cyprinoformes",,"Cyprinidae","Gila","cypha","Aquatic",,,,,"AQMISC",,,
68,"RBT","Salmoniformes: Salmonidae: Oncorhynchus mykiss","Rainbow trout",1,1,0,0,0,0,0,0,,,"Animalia","Chordata","Actinopterygii","Salmoniformes",,"Salmonidae","Oncorhynchus","mykiss","Aquatic",,,,,"AQMISC",,,
69,"FHM","Cyprinoformes: Cyprinidae: Pimephales promelas","Fathead minnow",1,0,0,0,0,0,0,0,,,"Animalia","Chordata","Actinopterygii","Cyprinoformes",,"Cyprinidae","Pimephales","promelas","Aquatic",,,,,"AQMISC",,,
70,"SPD","Cyprinoformes: Cyprinidae: Rhinichthys osculus","Speckled dace",1,0,0,0,0,0,0,0,,,"Animalia","Chordata","Actinopterygii","Cyprinoformes",,"Cyprinidae","Rhinichthys","osculus","Aquatic",,,,,"AQMISC",,,
71,"BNT","Salmoniformes: Salmonidae: Salmo trutta","Brown trout",1,0,0,0,0,0,0,0,,,"Animalia","Chordata","Actinopterygii","Salmoniformes",,"Salmonidae","Salmo","trutta","Aquatic",,,,,"AQMISC",,,
72,"CYP","Cyprinoformes","Cyprinid (generic)",0,0,0,0,0,0,0,0,,,"Animalia","Chordata","Actinopterygii","Cyprinoformes",,,,,"Aquatic",,,,,"AQMISC",,,
73,"SUC","Cyprinoformes: Catostomidae","Sucker (generic)",0,0,0,0,0,0,0,0,,,"Animalia","Chordata","Actinopterygii","Cyprinoformes",,"Catostomidae",,,"Aquatic",,,,,"AQMISC",,,
74,"FISH","Actinopterygii","Fish (generic)",0,1,0,1,1,0,0,0,,,"Animalia","Chordata","Actinopterygii",,,,,,"Aquatic",,,,,"AQMISC",,,
75,"GAM","Amphipoda: Gammaridae: Gammarus lacustris","Scud",0,1,0,1,1,0,0,0,0.02,1.96,"Animalia","Arthropoda","Malacostraca","Amphipoda",,"Gammaridae","Gammarus","lacustris","Aquatic",,,,,"AQMISC",4.00,4.00,1.00
76,"NZMS","Littorinimorpha: Tateidae: Potamopyrgus antipodarum","New Zealand mud snail",0,1,0,1,1,0,1,0,0.02,2.43,"Animalia","Mollusca","Gastropoda","Littorinimorpha","Truncatelloidea","Tateidae","Potamopyrgus","antipodarum","Aquatic",,,,,"AQMISC",2.00,2.00,1.00
77,"LIMP","Gastropoda","",0,0,0,1,1,0,0,0,,,"Animalia","Mollusca","Gastropoda",,,,,,"Aquatic",,,,,"AQMISC",41.00,,
78,"GASN","Gastropoda","Snail (generic)",0,0,0,1,1,0,0,0,,,"Animalia","Mollusca","Gastropoda",,,,,,"Aquatic",,,,,"AQMISC",,,
79,"PHYS","Hygrophila: Physidae","Snail",0,1,0,1,1,0,0,0,0.03,2.48,"Animalia","Mollusca","Gastropoda","Hygrophila","Planorboidea","Physidae",,,"Aquatic",,,,,"AQMISC",14.00,14.00,0.80
80,"APHI","Hemiptera: Aphididae","aphid",0,1,1,0,1,1,1,1,,,"Animalia","Arthropoda","Insecta","Hemiptera","Aphidoidea","Aphididae",,,"Terrestrial",,"Herbivore",,,"TEHEMI",,,
81,"CIAE","Hemiptera: Cicadellidae","leafhopper",0,1,1,0,1,1,1,1,,,"Animalia","Arthropoda","Insecta","Hemiptera","Cicadoidea","Cicadellidae",,,"Terrestrial",,"Herbivore",,,"TEHEMI",,,
82,"CORI","Hemiptera: Corixidae","waterboatman",0,0,1,1,1,0,0,0,0.00,0.00,"Animalia","Arthropoda","Insecta","Hemiptera",,"Corixidae",,,"Aquatic",,"ScraperGrazer","5",,"AQHEMI",37.00,,0.00
83,"HEMA","Hemiptera","true bug",0,1,1,1,1,1,1,1,,,"Animalia","Arthropoda","Insecta","Hemiptera",,,,,"Terrestrial",,"Generalist",,,"TEHEMI",,,
84,"COLL","Collembola","Springtail",0,1,1,1,1,1,1,1,,,"Animalia","Arthropoda","Entognatha","Collembola",,,,,"Terrestrial",,"Generalist",,,"TECOLL",11.00,11.00,
85,"APID","Hymenoptera: Apidae","bee",0,1,1,0,0,1,0,1,,,"Animalia","Arthropoda","Insecta","Hymenoptera","Apoidea","Apidae",,,"Terrestrial",,,,,"TEHYME",,,
86,"BRAC","Hymenoptera: Braconidae","braconid wasp",0,0,1,0,0,0,0,0,,,"Animalia","Arthropoda","Insecta","Hymenoptera","Ichneumonoidea ","Braconidae",,,"Terrestrial",,,,,"TEHYME",,,
87,"FORM","Hymenoptera: Formicidae","ant",0,1,1,1,1,0,1,1,,,"Animalia","Arthropoda","Insecta","Hymenoptera","Formicoidea","Formicidae",,,"Terrestrial",,"Generalist",,,"TEHYME",,,
88,"ICHN","Hymenoptera: Ichneumonidae","Ichneumon wasp",0,0,1,0,0,1,0,1,,,"Animalia","Arthropoda","Insecta","Hymenoptera","Ichneumonoidea ","Ichneumonidae",,,"Terrestrial",,,,,"TEHYME",,,
89,"PTER","Hymenoptera: Pteromalidae","pteromalid",0,0,1,0,1,0,0,0,,,"Animalia","Arthropoda","Insecta","Hymenoptera","Chalcidoidea","Pteromalidae",,,"Terrestrial",,,,,"TEHYME",,,
90,"VESP","Hymenoptera: Vespidae","wasp",0,1,0,0,0,1,0,1,,,"Animalia","Arthropoda","Insecta","Hymenoptera","Vespoidea","Vespidae",,,"Terrestrial",,,,,"TEHYME",,,
91,"HYMA","Hymenoptera (Adult)","sawfly, wasp, bee, ant adults",0,1,1,1,1,1,1,1,,,"Animalia","Arthropoda","Insecta","Hymenoptera",,,,,"Terrestrial","Adult","Generalist",,,"TEHYME",,,
92,"INSM","Insecta","Insect (generic terrestrial)",0,1,1,1,1,0,0,0,,,"Animalia","Arthropoda","Insecta",,,,,,"Terrestrial",,,,,"TEMISC",25.00,25.00,
93,"INWT","Insecta","Insect (generic winged)",0,0,0,0,1,0,0,0,,,"Animalia","Arthropoda","Insecta",,,,,,"Terrestrial",,,,,"TEMISC",,28.00,
94,"CISP","Lepidoptera: Erebidae: Cisthene angelus","lichen moth",0,1,1,0,0,0,0,0,,,"Animalia","Arthropoda","Insecta","Lepidoptera","Noctuoidea","Erebidae","Cisthene","angelus","Terrestrial",,,,,"TECISP",,,
97,"CLAM","Veneroida: Dreissenidae: Dreissena spp.","clam",0,1,0,1,1,0,0,0,0.02,2.45,"Animalia","Mollusca","Bivalvia","Veneroida","Dreissenoidae","Dreissenidae","Dreissena",,"Aquatic",,"CollectorFilterer","8",,"AQMISC",13.00,13.00,0.85
98,"NEMA","Nematoda","""Olig c"" (generic nematode)",0,1,0,1,1,0,0,0,,,"Animalia","Nematoda",,,,,,,"Aquatic",,,,,"AQMISC",12.00,12.00,
99,"CHRS","Neuroptera: Chrysopidae","green lacewing",0,0,1,0,0,0,0,0,,,"Animalia","Arthropoda","Insecta","Neuroptera",,"Chrysopidae",,,"Terrestrial",,,,,"TENEUR",,,
100,"HEME","Neuroptera: Hemerobiidae","brown lacewing",0,1,1,0,0,1,0,1,,,"Animalia","Arthropoda","Insecta","Neuroptera",,"Hemerobiidae",,,"Terrestrial",,,,,"TENEUR",,,
101,"MYRM","Neuroptera: Myrmeleontidae","antlion",0,0,1,0,0,1,0,1,,,"Animalia","Arthropoda","Insecta","Neuroptera",,"Myrmeleontidae",,,"Terrestrial",,,,,"TENEUR",,,
102,"NOBU","NOBU: NOBU: NOBU NOBU","Empty sample",0,1,1,1,1,1,1,1,,,"Animalia","Arthropoda","Insecta","NOBU","NOBU","NOBU","NOBU","NOBU",,,,,,"NOBU",38.00,31.00,
103,"DRAA","Odonata (Adult)","dragonfly",0,0,0,0,0,0,0,0,,,"Animalia","Arthropoda","Insecta","Odonata","Anisoptera (Suborder)",,,,"Aquatic","Adult",,,,"AQODON",,,
104,"DRAL","Odonata (larva)","",0,0,0,0,1,0,0,0,,,"Animalia","Arthropoda","Insecta","Odonata","Anisoptera (Suborder)",,,,"Aquatic","larva",,,,"AQODON",,,
105,"DAMA","Odonata (Adult)","damselfly",0,1,1,0,0,0,0,0,,,"Animalia","Arthropoda","Insecta","Odonata","Zygoptera (Suborder)",,,,"Aquatic","Adult",,,,"AQODON",,,
106,"DAML","Odonata (larva)","",0,1,0,1,0,0,0,0,0.00,0.00,"Animalia","Arthropoda","Insecta","Odonata","Zygoptera (Suborder)",,,,"Aquatic","larva","Predator",,,"AQODON",35.00,,0.00
107,"ANN","Annelida","Earthworm (generic)",0,1,1,1,1,0,0,0,6.8e-03,2.28,"Animalia","Annelida",,,,,,,"Aquatic",,,,,"AQMISC",8.00,8.00,1.00
108,"LUMB","Lumbriculida: Lumbriculidae","""Olig b"" (freshwater worm)",0,1,0,1,1,0,0,0,0.01,1.04,"Animalia","Annelida","Clitellata","Lumbriculida",,"Lumbriculidae",,,"Aquatic",,,,,"AQMISC",1.00,1.00,1.00
109,"ORTH","Orthoptera","grasshopper, cricket, katydid",0,1,1,1,1,0,1,0,,,"Animalia","Arthropoda","Insecta","Orthoptera",,,,,"Terrestrial",,"Herbivore",,,"TEORTH",,,
110,"OSTR","Ostracoda","Ostracod zooplankton",0,0,0,1,1,0,0,0,1.6e-03,4.24,"Animalia","Arthropoda","Ostracoda",,,,,,"Aquatic",,,,,"AQMISC",6.00,6.00,0.85
111,"PLAN","Tricladida: Planariidae","Flatworm (generic)",0,1,0,1,1,0,0,0,5.6e-03,2.19,"Animalia","Platyhelminthes","Rhabditophora","Tricladida",,"Planariidae",,,"Aquatic",,,,,"AQMISC",7.00,7.00,1.00
112,"TARD","Tardigrada","water bear, moss piglet",0,0,0,1,1,0,0,0,,,"Animalia","Tardigrada",,,,,,,"Aquatic",,,,"semiaquatic?","AQMISC",30.00,29.00,
113,"VERT","Chordata","Terrestrial vertebrate",0,0,0,0,0,0,0,0,,,"Animalia","Chordata",,,,,,,"Aquatic",,,,,"AQMISC",,,
114,"PLAT","Plants (terrestrial)","Plants (terrestrial)",0,1,0,0,1,0,0,0,,,"Plantae",,,,,,,,"Terrestrial",,,,,"TEPLAN",,,
115,"THYS","Thysanoptera","thrip",0,1,1,1,1,1,1,1,,,"Animalia","Arthropoda","Insecta","Thysanoptera",,,,,"Terrestrial",,"Herbivore",,,"TETHYS",,,
116,"HYPL","Trichoptera: Hydropsychidae (Larva)","net-spinning caddisfly larvae",0,0,0,1,1,0,0,0,7.4e-03,2.66,"Animalia","Arthropoda","Insecta","Trichoptera",,"Hydropsychidae",,,"Aquatic","Larva","CollectorFilterer","4",,"AQTRIC",36.00,32.00,1.00
117,"HYDL","Trichoptera: Hydroptilidae (Larva)","purse-case caddisfly",0,0,0,1,1,0,0,0,0.16,1.00,"Animalia","Arthropoda","Insecta","Trichoptera",,"Hydroptilidae",,,"Aquatic","Larva","ScraperGrazer","4",,"AQTRIC",16.00,16.00,1.00
118,"HYDP","Trichoptera: Hydroptilidae (Pupa)","",0,0,0,0,1,0,0,0,,,"Animalia","Arthropoda","Insecta","Trichoptera",,"Hydroptilidae",,,"Aquatic","Pupa",,"4",,"AQTRIC",,,
119,"HYDA","Trichoptera: Hydroptilidae (Adult)","microcaddisfly adults",0,0,1,1,1,1,0,1,,,"Animalia","Arthropoda","Insecta","Trichoptera",,"Hydroptilidae",,,"Aquatic","Adult",,"4",,"AQTRIC",,,
120,"RHYL","Trichoptera: Rhyacophilidae: Rhyacophila spp. (Larva)","Caseless green caddisfly larvae",0,1,0,1,1,0,0,0,,,"Animalia","Arthropoda","Insecta","Trichoptera",,"Rhyacophilidae","Rhyacophila",,"Aquatic","Larva","Predator","1",,"AQTRIC",17.00,17.00,
121,"TRIL","Trichoptera (Larva)","",0,1,1,1,1,0,0,0,0.00,0.00,"Animalia","Arthropoda","Insecta","Trichoptera",,,,,"Aquatic","Larva",,,,"AQTRIC",39.00,,0.00
122,"TRIA","Trichoptera (Adult)","caddisfly",0,1,1,1,1,0,0,0,,,"Animalia","Arthropoda","Insecta","Trichoptera",,,,,"Aquatic","Adult",,,,"AQTRIC",,,
123,"CICA","Hemiptera: Cicadidae","cicada",0,1,1,0,1,0,0,0,,,"Animalia","Arthropoda","Insecta","Hemiptera","Cicadoidea","Cicadidae",,,"Terrestrial",,,,,"TEHEMI",,,
124,"PYRL","Lepidoptera: Pyralidae (Larva)","pyralid",0,0,0,1,0,0,0,0,0.00,0.00,"Animalia","Arthropoda","Insecta","Lepidoptera","Pyraloidea","Pyralidae",,,"Terrestrial","Larva",,,,"TELEPI",34.00,,0.00
125,"TAMA","Coleoptera: Chrysomelidae: Diorhabda elongata-complex (Adult)","tamarisk beetle",0,1,1,0,1,1,1,1,,,"Animalia","Arthropoda","Insecta","Coleoptera","Chrysomeloidea","Chrysomelidae","Diorhabda","elongata-complex","Terrestrial","Adult","Herbivore",,,"TECOLE",,,
126,"TACA","Diptera: Tachinidae (Adult)","",0,1,1,0,0,0,0,0,,,"Animalia","Arthropoda","Insecta","Diptera","Oestroidea","Tachinidae",,,"Terrestrial","Adult",,,,"TEDIPT",,,
127,"SCIA","Diptera: Sciaridae (Adult)","Dark-winged fungus gnat",0,1,1,1,1,1,1,1,,,"Animalia","Arthropoda","Insecta","Diptera","Sciaroidea","Sciaridae",,,"Terrestrial","Adult","Generalist",,,"TEDIPT",,,
128,"MUTA","Hymenoptera: Mutillidae","",0,1,1,0,0,0,0,0,,,"Animalia","Arthropoda","Insecta","Hymenoptera","Pompiloidea","Mutillidae",,,"Terrestrial",,,,,"TEHYME",,,
129,"BLAT","Blattodea (Adult)","Cockroaches / termites",0,1,0,0,0,0,0,0,,,"Animalia","Arthropoda","Insecta","Blattodea",,,,,"Terrestrial","Adult",,,,"TEBLAT",,,
130,"ISOP","Isopoda","isopods, pill bugs, roly-polys",0,1,0,1,1,0,1,0,,,"Animalia","Arthropoda","Malacostraca","Isopoda",,,,,"Terrestrial",,"Generalist",,,"TEISOP",,,
131,"STAA","Coleoptera: Staphylinidae (Adult)","Rove beetle",0,0,1,0,1,1,1,1,,,"Animalia","Arthropoda","Insecta","Coleoptera","Staphylinoidea","Staphylinidae",,,"Terrestrial","Adult","PredatorWanderer",,"Semi-aquatic?","TECOLE",,,
132,"EMPA","Diptera: Empididae (Adult)","",0,1,1,0,1,1,0,1,,,"Animalia","Arthropoda","Insecta","Diptera","Empidoidea","Empididae",,,"Terrestrial","Adult",,,"Semi-aquatic?","TEDIPT",,,
133,"MIRA","Hemiptera: Miridae","",0,0,1,0,0,1,0,1,,,"Animalia","Arthropoda","Insecta","Hemiptera",,"Miridae",,,"Terrestrial",,,,,"TEHEMI",,,
134,"TIPH","Hymenoptera: Tiphiidae","",0,0,1,0,0,0,0,0,,,"Animalia","Arthropoda","Insecta","Hymenoptera","Tiphioidea","Tiphiidae",,,"Terrestrial",,,,,"TEHYME",,,
160,"TICK","Ixodida (Adult)","Ticks, terrestrial mites",0,0,1,1,1,0,1,0,,,"Animalia","Arthropoda","Arachnida","Ixodida",,,,,"Terrestrial","Adult","Parasite",,,"TETICK",,,
168,"PACY","Coleoptera: Chrysomelidae: Pachybrachis spp. (Adult)","",0,0,1,0,0,0,0,0,,,"Animalia","Arthropoda","Insecta","Coleoptera","Chrysomeloidea","Chrysomelidae","Pachybrachis",,"Terrestrial","Adult",,,,"TECOLE",,,
169,"CALP","Diptera: Caliphoridae (Adult)","Blow Fly",0,0,1,0,0,0,0,0,,,"Animalia","Arthropoda","Insecta","Diptera","Oestroidea","Caliphoridae",,,"Terrestrial","Adult",,,,"TEDIPT",,,
171,"DROS","Diptera: Drosophilidae (Adult)","Vinegar Flies",0,0,1,0,1,0,0,0,,,"Animalia","Arthropoda","Insecta","Diptera","Ephydroidea","Drosophilidae",,,"Terrestrial","Adult",,,,"TEDIPT",,,
172,"SPHX","Lepidoptera: Sphingidae","Sphynx Moth",0,0,1,0,0,0,0,0,,,"Animalia","Arthropoda","Insecta","Lepidoptera"," Bombycoidea","Sphingidae",,,"Terrestrial",,,,,"TELEPI",,,
173,"REDA","Hemiptera: Reduviidae","Assassin Bug",0,0,1,0,0,0,0,0,,,"Animalia","Arthropoda","Insecta","Hemiptera",,"Reduviidae",,,"Terrestrial",,,,,"TEHEMI",,,
177,"PHEN","Coleoptera: Phengodidae (Adult)","Glowworm beetle",0,0,1,0,0,0,0,0,,,"Animalia","Arthropoda","Insecta","Coleoptera","Elateroidea","Phengodidae",,,"Terrestrial","Adult",,,,"TECOLE",,,
178,"HYPH","Coleoptera: Hydrophilidae (Adult)","Water scavenging beetle",0,0,1,0,0,0,0,0,,,"Animalia","Arthropoda","Insecta","Coleoptera","Hydrophiloidea","Hydrophilidae",,,"Aquatic","Adult","CollectorGatherer","5",,"AQCOLE",,,
179,"NOCT","Lepidoptera: Noctuidae","Owlet moths",0,0,1,0,0,0,0,0,,,"Animalia","Arthropoda","Insecta","Lepidoptera","Noctuoidea","Noctuidae",,,"Terrestrial",,,,,"TELEPI",,,
180,"HELE","Diptera: Heleomyzidae (Adult)","",0,0,1,0,0,0,0,0,,,"Animalia","Arthropoda","Insecta","Diptera",,"Heleomyzidae",,,"Terrestrial","Adult",,,,"TEDIPT",,,
181,"MANI","Neuroptera: Mantispidae","Mantid flies",0,0,1,0,0,0,0,0,,,"Animalia","Arthropoda","Insecta","Neuroptera",,"Mantispidae",,,"Terrestrial",,,,,"TENEUR",,,
182,"BLAD","Blattodea: Blattidae (Adult)","Cockroach",0,0,1,0,1,0,0,0,,,"Animalia","Arthropoda","Insecta","Blattodea","Blattoidea","Blattidae",,,"Terrestrial","Adult",,,,"TEBLAT",,,
183,"CORE","Hemiptera: Coreidae","Leaf-footed bug",0,0,1,0,0,0,0,0,,,"Animalia","Arthropoda","Insecta","Hemiptera","Coreoidea ","Coreidae",,,"Terrestrial",,,,,"TEHEMI",,,
184,"ARCT","Lepidoptera: Arctiidae now Erebidae","Tiger moths",0,0,0,1,0,0,0,0,,,"Animalia","Arthropoda","Insecta","Lepidoptera","Noctuoidea","Arctiidae now Erebidae",,,"Terrestrial",,,,,"TELEPI",,,
185,"GSF","Perciformes: Centrarchidae: Lepomis cyanellus","Green sunfish",1,0,0,0,0,0,0,0,,,"Animalia","Chordata","Actinopterygii","Perciformes",,"Centrarchidae","Lepomis","cyanellus","Aquatic",,,,,"AQMISC",,,
195,"PENT","Hemiptera: Pentatomidae","Shield bug",0,0,1,0,0,0,0,0,,,"Animalia","Arthropoda","Insecta","Hemiptera","Pentatomoidea","Pentatomidae",,,"Terrestrial",,,,,"TEHEMI",,,
196,"HYTR","Coleoptera: Hydrophilidae: Hydrophilus triangularis (Adult)","giant water loving beetle",0,0,1,0,0,0,0,0,,,"Animalia","Arthropoda","Insecta","Coleoptera","Hydrophiloidea","Hydrophilidae","Hydrophilus","triangularis","Aquatic","Adult","CollectorGatherer","5",,"AQCOLE",,,
197,"CICI","Coleoptera: Cicindelinae (Subfamily) (Adult)","Tiger beetle",0,0,1,0,0,0,0,0,,,"Animalia","Arthropoda","Insecta","Coleoptera",,"Cicindelinae (Subfamily)",,,"Terrestrial","Adult",,,,"TECOLE",,,
198,"PSEU","Pseudoscorpiones (Adult)","Pseudoscorpion",0,0,1,0,1,0,0,0,,,"Animalia","Arthropoda","Arachnida","Pseudoscorpiones",,,,,"Terrestrial","Adult",,,,"TEARAC",,,
199,"MORD","Coleoptera: Mordellidae (Adult)","Tumbling flower beetles",0,0,1,0,0,0,0,0,,,"Animalia","Arthropoda","Insecta","Coleoptera","Tenebrionoidea","Mordellidae",,,"Terrestrial","Adult",,,,"TECOLE",,,
200,"EMPP","Diptera: Empididae (Pupa)","",0,1,0,1,1,0,0,0,,,"Animalia","Arthropoda","Insecta","Diptera","Empidoidea","Empididae",,,"Aquatic","Pupa","Predator","6","Aquatic?","AQDIPT",,,
201,"SMB","Perciformes: Centrarchidae: Micropterus dolomieu","Smallmouth Bass",1,0,0,0,0,0,0,0,,,"Animalia","Chordata","Actinopterygii","Perciformes",,"Centrarchidae","Micropterus","dolomieu","Aquatic",,,,,"AQMISC",,,
202,"OPST","Hemiptera: Cicadellidae: Opsius stactogalus","Tamarisk leaf hopper",0,0,1,0,0,1,0,1,,,"Animalia","Arthropoda","Insecta","Hemiptera","Cicadoidea","Cicadellidae","Opsius","stactogalus","Terrestrial",,,,,"TEOPST",,,
203,"MELA","Coleoptera: Melandryidae (Adult)","false darkling beetles",0,0,1,0,0,0,0,0,,,"Animalia","Arthropoda","Insecta","Coleoptera","Tenebrionoidea","Melandryidae",,,"Terrestrial","Adult",,,,"TECOLE",,,
204,"HYLI","Lepidoptera: Sphingidae: Hyles lineata","White-lined sphinx moth",0,0,1,0,0,0,0,0,,,"Animalia","Arthropoda","Insecta","Lepidoptera"," Bombycoidea","Sphingidae","Hyles","lineata","Terrestrial",,,,,"TEHYLI",,,
205,"ELMI","Orthoptera: Tridactylidae: Ellipes  minuta","Smaller sand cricket",0,0,1,0,0,0,0,0,,,"Animalia","Arthropoda","Insecta","Orthoptera",,"Tridactylidae","Ellipes ","minuta","Terrestrial",,,,,"TEORTH",,,
206,"BUSI","Lepidoptera: Erebidae: Bulia similaris","",0,0,1,0,0,0,0,0,,,"Animalia","Arthropoda","Insecta","Lepidoptera","Noctuoidea","Erebidae","Bulia","similaris","Terrestrial",,,,"formerly noctuidae","TELEPI",,,
207,"PLEL","Plecoptera","Stonefly (generic larva)",0,0,0,1,1,0,0,0,,,"Animalia","Arthropoda","Insecta","Plecoptera",,,,,"Aquatic",,,,,"AQPLEC",,,
208,"STB","Perciformes: Moronidae: Morone saxatilis","Striped bass",1,1,0,0,0,0,0,0,,,"Animalia","Chordata","Actinopterygii","Perciformes",,"Moronidae","Morone","saxatilis","Aquatic",,,,,"AQMISC",,,
209,"MECO","Megaloptera: Corydalidae","Dobsonfly",0,0,1,1,1,0,0,0,,,"Animalia","Arthropoda","Insecta","Megaloptera",,"Corydalidae",,,"Aquatic",,"Predator","4",,"AQMECO",,,
210,"PROT","Protura","Protura",0,0,1,0,0,0,0,0,,,"Animalia","Arthropoda","Entognatha","Protura",,,,,"Terrestrial",,,,,"TEPROT",,,
211,"MAQU","Lepidoptera: Sphingidae: Manduca quinquemaculatus","Five spotted hawk moth",0,0,1,0,0,0,0,0,,,"Animalia","Arthropoda","Insecta","Lepidoptera"," Bombycoidea","Sphingidae","Manduca","quinquemaculatus","Terrestrial",,,,,"TEMAQU",,,
212,"TERM","Isoptera","Termite",0,0,1,0,0,0,0,0,,,"Animalia","Arthropoda","Insecta","Isoptera",,,,,"Terrestrial",,,,,"TETERM",,,
213,"LEPL","Lepidoptera (Larva)","caterpillars",0,0,0,0,1,0,0,0,,,"Animalia","Arthropoda","Insecta","Lepidoptera",,,,,"Aquatic","Larva","Shredder","5","Aquatic?","AQLEPI",,,
214,"TAML","Coleoptera: Chrysomelidae: Diorhabda elongata-complex (Larva)","Tamarisk Beetle Larvae",0,1,1,0,1,0,0,0,,,"Animalia","Arthropoda","Insecta","Coleoptera","Chrysomeloidea","Chrysomelidae","Diorhabda","elongata-complex","Terrestrial","Larva",,,,"TECOLE",,,
215,"TRIP","Trichoptera (Pupa)","",0,0,0,1,1,0,0,0,,,"Animalia","Arthropoda","Insecta","Trichoptera",,,,,"Aquatic","Pupa",,,,"AQTRIC",,,
216,"CERP","Diptera: Ceratopogonidae (Pupa)","",0,1,0,1,1,0,0,0,,,"Animalia","Arthropoda","Insecta","Diptera",,"Ceratopogonidae",,,"Aquatic","Pupa","Predator","6",,"AQDIPT",,,
217,"EPHP","Ephemeroptera (Pupa)","",1,0,0,1,1,0,0,0,,,"Animalia","Arthropoda","Insecta","Ephemeroptera",,,,,"Aquatic","Pupa",,,,"AQEPHE",,,
218,"LEPA","Lepidoptera","Butterflies and moths (generic)",0,0,1,1,1,1,1,1,,,"Animalia","Arthropoda","Insecta","Lepidoptera",,,,,"Terrestrial",,"Herbivore",,,"TELEPI",,,
219,"RHCO","Trichoptera: Rhyacophilidae: Rhyacophila coloradensis (Adult)","free roaming caddis",0,0,1,0,0,1,0,1,,,"Animalia","Arthropoda","Insecta","Trichoptera",,"Rhyacophilidae","Rhyacophila","coloradensis","Aquatic","Adult","Predator","1",,"AQTRIC",,,
220,"RHSP","Trichoptera: Rhyacophilidae: Rhyacophila spp. (Adult)","Free roaming caddis fly",0,0,1,0,0,1,0,1,,,"Animalia","Arthropoda","Insecta","Trichoptera",,"Rhyacophilidae","Rhyacophila",,"Aquatic","Adult","Predator","1",,"AQTRIC",,,
221,"CHSP","Trichoptera: Philopotamidae: Chimarra spp. (Adult)","",0,0,1,0,0,0,0,0,,,"Animalia","Arthropoda","Insecta","Trichoptera",,"Philopotamidae","Chimarra",,"Aquatic","Adult","CollectorFilterer","4",,"AQTRIC",,,
222,"HYOS","Trichoptera: Hydropsychidae: Hydropsyche oslari (Adult)","",0,0,1,1,0,1,0,1,,,"Animalia","Arthropoda","Insecta","Trichoptera",,"Hydropsychidae","Hydropsyche","oslari","Aquatic","Adult","CollectorFilterer","4",,"AQTRIC",,,
223,"POSP","Trichoptera: Polycentropodidae: Polyplectropus spp. (Adult)","",0,0,1,0,0,0,0,0,,,"Animalia","Arthropoda","Insecta","Trichoptera",,"Polycentropodidae","Polyplectropus",,"Aquatic","Adult",,"6",,"AQTRIC",,,
224,"ALSP","Coleoptera: Tenebrionidae: Alleculinae spp. (Adult)","",0,0,1,0,0,0,0,0,,,"Animalia","Arthropoda","Insecta","Coleoptera","Tenebrionoidea","Tenebrionidae","Alleculinae",,"Terrestrial","Adult",,,,"TECOLE",,,
225,"LASP","Coleoptera: Lampyridae (Adult)","Lightning Bug",0,0,1,0,0,1,0,1,,,"Animalia","Arthropoda","Insecta","Coleoptera","Elateroidea","Lampyridae",,,"Terrestrial","Adult",,,,"TECOLE",,,
226,"FLEA","Siphonaptera","Flea",0,0,1,0,0,0,0,0,,,"Animalia","Arthropoda","Insecta","Siphonaptera",,,,,"Terrestrial",,,,,"TEFLEA",,,
227,"AEMU","Odonata: Aeshnidae: Aeshna multicolor","Blue Eyed Darner",0,0,1,0,0,0,0,0,,,"Animalia","Arthropoda","Insecta","Odonata","Anisoptera (Suborder)","Aeshnidae","Aeshna","multicolor","Aquatic",,"Predator","5",,"AQODON",,,
228,"NOTO","Hemiptera: Notonectidae","backswimmers",0,0,1,0,0,0,0,0,,,"Animalia","Arthropoda","Insecta","Hemiptera","Notonectoidea","Notonectidae",,,"Aquatic",,,,,"AQHEMI",,,
229,"LESP","Trichoptera: Leptoceridae (Adult)","long horned caddis fly",0,0,1,0,0,0,0,0,,,"Animalia","Arthropoda","Insecta","Trichoptera",,"Leptoceridae",,,"Aquatic","Adult","CollectorGatherer","4",,"AQTRIC",,,
230,"CLSP","Hemiptera: Clastopteridae","spittle bugs",0,0,1,0,0,0,0,0,,,"Animalia","Arthropoda","Insecta","Hemiptera","Cercopoidea","Clastopteridae",,,"Terrestrial",,,,,"TEHEMI",,,
231,"CESP","Scorpiones: Buthidae: Centruroides sculpturatus","AZ Bark Scorpion",0,0,1,0,0,0,1,0,,,"Animalia","Arthropoda","Arachnida","Scorpiones",,"Buthidae","Centruroides","sculpturatus","Terrestrial",,"PredatorWanderer",,,"TEARAC",,,
232,"HYOC","Trichoptera: Hydropsychidae: Hydropsyche occidentalis (Adult)","",0,0,1,0,0,0,0,0,,,"Animalia","Arthropoda","Insecta","Trichoptera",,"Hydropsychidae","Hydropsyche","occidentalis","Aquatic","Adult","CollectorFilterer","4",,"AQTRIC",,,
233,"POHA","Trichoptera: Polycentropodidae: Polycentropus halidus (Adult)","caddis",0,0,1,0,0,0,0,0,,,"Animalia","Arthropoda","Insecta","Trichoptera",,"Polycentropodidae","Polycentropus","halidus","Aquatic","Adult","Predator","6",,"AQTRIC",,,
234,"CHRI","Trichoptera: Philopotamidae: Chimarra ridleyi (Adult)","",0,0,1,0,0,0,0,0,,,"Animalia","Arthropoda","Insecta","Trichoptera",,"Philopotamidae","Chimarra","ridleyi","Aquatic","Adult","CollectorFilterer","4",,"AQTRIC",,,
235,"AGSP","Trichoptera: Sericostomatidae: Agarodes spp. (Adult)","bushtailed caddisfly",0,0,1,0,0,0,0,0,,,"Animalia","Arthropoda","Insecta","Trichoptera",,"Sericostomatidae","Agarodes",,"Aquatic","Adult",,"3",,"AQTRIC",,,
236,"NESP","Trichoptera: Leptoceridae: Nectopsyche spp. (Adult)","long-horned caddisfly",0,0,1,0,0,0,0,0,,,"Animalia","Arthropoda","Insecta","Trichoptera",,"Leptoceridae","Nectopsyche",,"Aquatic","Adult","CollectorGatherer","4",,"AQTRIC",,,
237,"PSSP","Trichoptera: Psychomyiidae: Psychomyia spp. (Adult)","Net-Tube Caddis Flies",0,0,1,0,0,0,0,0,,,"Animalia","Arthropoda","Insecta","Trichoptera",,"Psychomyiidae","Psychomyia",,"Aquatic","Adult","CollectorGatherer","2",,"AQTRIC",,,
238,"HYPA","Trichoptera: Hydropsychidae (Adult)","Net-spinning caddisfly",0,0,1,1,1,0,0,0,,,"Animalia","Arthropoda","Insecta","Trichoptera",,"Hydropsychidae",,,"Aquatic","Adult","CollectorFilterer","4",,"AQTRIC",,,
239,"RHYA","Trichoptera: Rhyacophilidae (Adult)","",0,0,1,0,0,0,0,0,,,"Animalia","Arthropoda","Insecta","Trichoptera",,"Rhyacophilidae",,,"Aquatic","Adult","Predator","1",,"AQTRIC",,,
240,"TISP","Trichoptera: Psychomyiidae: Tinodes spp. (Adult)","",0,0,1,0,0,0,0,0,,,"Animalia","Arthropoda","Insecta","Trichoptera",,"Psychomyiidae","Tinodes",,"Aquatic","Adult","CollectorGatherer","2",,"AQTRIC",,,
241,"ANOB","Coleoptera: Anobiinae(Subfamily) (Adult)","",0,0,1,0,0,0,0,0,,,"Animalia","Arthropoda","Insecta","Coleoptera","Bostrichoidea","Anobiinae(Subfamily)",,,"Terrestrial","Adult",,,,"TECOLE",,,
242,"CHUT","Trichoptera: Philopotamidae: Chimarra utahensis (Adult)","",0,0,1,0,0,0,0,0,,,"Animalia","Arthropoda","Insecta","Trichoptera",,"Philopotamidae","Chimarra","utahensis","Aquatic","Adult","CollectorFilterer","4",,"AQTRIC",,,
243,"OCSP","Trichoptera: Hydroptilidae: Ochrotrichia spp. (Adult)","",0,0,1,0,0,0,0,0,,,"Animalia","Arthropoda","Insecta","Trichoptera",,"Hydroptilidae","Ochrotrichia",,"Aquatic","Adult",,"4",,"AQTRIC",,,
244,"HDSP","Trichoptera: Hydroptilidae: Hydroptila spp. (Adult)","microcaddisfly adult",0,0,1,0,0,0,0,0,,,"Animalia","Arthropoda","Insecta","Trichoptera",,"Hydroptilidae","Hydroptila",,"Aquatic","Adult","ScraperGrazer","6",,"AQTRIC",,,
245,"HYSP","Trichoptera: Hydropsychidae: Hydropsyche spp. (Adult)","",0,0,1,1,0,1,0,1,,,"Animalia","Arthropoda","Insecta","Trichoptera",,"Hydropsychidae","Hydropsyche",,"Aquatic","Adult","CollectorFilterer","4",,"AQTRIC",,,
246,"OCLO","Trichoptera: Hydroptilidae: Ochrotrichia logana (Adult)","",0,0,1,0,0,0,0,0,,,"Animalia","Arthropoda","Insecta","Trichoptera",,"Hydroptilidae","Ochrotrichia","logana","Aquatic","Adult",,"4",,"AQTRIC",,,
247,"SMSP","Trichoptera: Hydropsychidae: Smicridea spp. (Adult)","",0,0,1,0,0,0,0,0,,,"Animalia","Arthropoda","Insecta","Trichoptera",,"Hydropsychidae","Smicridea",,"Aquatic","Adult","CollectorFilterer","4",,"AQTRIC",,,
248,"CHEP","Trichoptera: Hydropsychidae: Cheumatopsyche spp. (Adult)","",0,0,1,0,0,0,0,0,,,"Animalia","Arthropoda","Insecta","Trichoptera",,"Hydropsychidae","Cheumatopsyche",,"Aquatic","Adult","CollectorFilterer","5",,"AQTRIC",,,
249,"SMRH","Trichoptera: Hydropsychidae: Smicridea rhyacophylax (Adult)","",0,0,1,0,0,0,0,0,,,"Animalia","Arthropoda","Insecta","Trichoptera",,"Hydropsychidae","Smicridea","rhyacophylax","Aquatic","Adult","CollectorFilterer","4",,"AQTRIC",,,
250,"HESP","Trichoptera: Helicopsychidae: Helicopsyche spp. (Adult)","",0,0,1,0,0,0,0,0,,,"Animalia","Arthropoda","Insecta","Trichoptera",,"Helicopsychidae","Helicopsyche",,"Aquatic","Adult","ScraperGrazer","3",,"AQTRIC",,,
251,"SPGR","Hymenoptera: Crabronidae: Sphecius  grandis","Cicada Killer",0,0,1,0,0,0,0,0,,,"Animalia","Arthropoda","Insecta","Hymenoptera","Apoidea","Crabronidae","Sphecius ","grandis","Terrestrial",,,,,"TEHYME",,,
252,"BERO","Neuroptera: Berothidae","Beaded Lacewing",0,0,1,0,0,0,0,0,,,"Animalia","Arthropoda","Insecta","Neuroptera",,"Berothidae",,,"Terrestrial",,,,,"TENEUR",,,
253,"POCH","Trichoptera: Polycentropodidae: Polyplectropus charlesi (Adult)","",0,0,1,0,0,0,0,0,,,"Animalia","Arthropoda","Insecta","Trichoptera",,"Polycentropodidae","Polyplectropus","charlesi","Aquatic","Adult",,"6",,"AQTRIC",,,
254,"PTEP","Lepidoptera: Pterophoridae","Plume Moth",0,0,1,0,0,0,0,0,,,"Animalia","Arthropoda","Insecta","Lepidoptera","Pterophoroidea","Pterophoridae",,,"Terrestrial",,,,,"TELEPI",,,
255,"SYRP","Diptera: Syrphidae (Adult)","Syrphid flies",0,0,1,0,0,1,0,1,,,"Animalia","Arthropoda","Insecta","Diptera",,"Syrphidae",,,"Terrestrial","Adult",,,"pot. Aquatic","TEDIPT",,,
256,"MUOI","Diptera (Adult)","Muscoid is superfamily under Diptera",0,0,1,0,0,0,0,0,,,"Animalia","Arthropoda","Insecta","Diptera","Muscoidea",,,,"Terrestrial","Adult",,,,"TEDIPT",,,
257,"HEBO","Trichoptera: Helicopsychidae: Helicopsyche borealis (Adult)","",0,0,1,0,0,0,0,0,,,"Animalia","Arthropoda","Insecta","Trichoptera",,"Helicopsychidae","Helicopsyche","borealis","Aquatic","Adult","ScraperGrazer","3",,"AQTRIC",,,
258,"THER","Diptera: Therevidae (Adult)","Stiletto flies",0,0,1,0,0,0,0,0,,,"Animalia","Arthropoda","Insecta","Diptera","Asiloidea","Therevidae",,,"Terrestrial","Adult",,,,"TEDIPT",,,
259,"BASP","Ephemeroptera: Baetidae: Baetis spp. (Adult)","Baetis adult",0,0,1,0,1,0,0,0,,,"Animalia","Arthropoda","Insecta","Ephemeroptera",,"Baetidae","Baetis",,"Aquatic","Adult","CollectorGatherer","6",,"AQEPHE",,,
260,"ACSP","Ephemeroptera: Baetidae: Acerpenna spp. (Adult)","",0,0,0,0,0,0,0,0,,,"Animalia","Arthropoda","Insecta","Ephemeroptera",,"Baetidae","Acerpenna",,"Aquatic","Adult","CollectorGatherer","5",,"AQEPHE",,,
261,"BRSP","Ephemeroptera: Baetidae: Barbatis spp. (Adult)","",0,0,1,0,0,0,0,0,,,"Animalia","Arthropoda","Insecta","Ephemeroptera",,"Baetidae","Barbatis",,"Aquatic","Adult","CollectorGatherer","5",,"AQEPHE",,,
262,"FASP","Ephemeroptera: Baetidae: Fallceon spp. (Adult)","",0,0,1,0,0,0,0,0,,,"Animalia","Arthropoda","Insecta","Ephemeroptera",,"Baetidae","Fallceon",,"Aquatic","Adult","CollectorGatherer","5",,"AQEPHE",,,
263,"CHAL","Hymenoptera","Chalcid wasps (Superfamily)",0,0,1,0,1,0,0,0,,,"Animalia","Arthropoda","Insecta","Hymenoptera","Chalcidoidea",,,,"Terrestrial",,,,,"TEHYME",,,
264,"PSYL","Hemiptera: Psyllidae","",0,0,1,0,0,0,0,0,,,"Animalia","Arthropoda","Insecta","Hemiptera","Psylloidea","Psyllidae",,,"Terrestrial",,,,,"TEHEMI",,,
265,"MEGA","Hymenoptera: Megaspilidae","",0,0,1,0,0,0,0,0,,,"Animalia","Arthropoda","Insecta","Hymenoptera","Ceraphronoidea","Megaspilidae",,,"Terrestrial",,,,,"TEHYME",,,
266,"ANBI","Coleoptera: Anobiinae(Subfamily) (Adult)","""woodworm"" -larvae-",0,0,1,0,0,0,0,0,,,"Animalia","Arthropoda","Insecta","Coleoptera","Bostrichoidea","Anobiinae(Subfamily)",,,"Terrestrial","Adult",,,,"TECOLE",,,
267,"LYGA","Hemiptera: Lygaeidae","Seed bug",0,0,1,0,0,0,0,0,,,"Animalia","Arthropoda","Insecta","Hemiptera","Lygaeoidea","Lygaeidae",,,"Terrestrial",,,,,"TEHEMI",,,
268,"GEOM","Lepidoptera: Geometridae","Geometer moth",0,0,1,0,0,0,0,0,,,"Animalia","Arthropoda","Insecta","Lepidoptera","Geometroidea","Geometridae",,,"Terrestrial",,,,,"TELEPI",,,
269,"CARN","Diptera: Carnidae (Adult)","",0,0,1,0,0,0,0,0,,,"Animalia","Arthropoda","Insecta","Diptera",,"Carnidae",,,"Terrestrial","Adult",,,,"TEDIPT",,,
270,"SCIO","Diptera: Sciomyzidae (Adult)","marsh flies",0,0,1,0,0,0,0,0,,,"Animalia","Arthropoda","Insecta","Diptera","Sciomyzoidea","Sciomyzidae",,,"Aquatic","Adult",,,"larva aquatic","AQDIPT",,,
271,"BAET","Ephemeroptera: Baetidae (Adult)","baetid adults",0,0,1,0,1,1,0,1,,,"Animalia","Arthropoda","Insecta","Ephemeroptera",,"Baetidae",,,"Aquatic","Adult","CollectorGatherer","5",,"AQEPHE",,,
272,"LEPS","Trichoptera: Lepidostomatidae: Lepidostoma spp. (Adult)","Lepidostomatidae",0,0,1,0,0,0,0,0,,,"Animalia","Arthropoda","Insecta","Trichoptera",,"Lepidostomatidae","Lepidostoma",,"Aquatic","Adult","Shredder","1",,"AQTRIC",,,
273,"PASP","Trichoptera: Odontoceridae?: Parthina spp. (Adult)","Odontoceridae",0,0,1,0,0,0,0,0,,,"Animalia","Arthropoda","Insecta","Trichoptera",,"Odontoceridae?","Parthina",,"Aquatic","Adult","ScraperGrazer","0",,"AQTRIC",,,
275,"DERM","Coleoptera: Dermestidae (Adult)","Dermestid beetles",0,0,1,0,0,0,0,0,,,"Animalia","Arthropoda","Insecta","Coleoptera","Bostrichoidea","Dermestidae",,,"Terrestrial","Adult",,,,"TECOLE",,,
276,"RHOP","Hemiptera: Rhopalidae","scentless plant bugs",0,0,1,0,0,0,0,0,,,"Animalia","Arthropoda","Insecta","Hemiptera","Coreoidea ","Rhopalidae",,,"Terrestrial",,,,,"TEHEMI",,,
277,"TEPH","Diptera: Tephritidae (Adult)","",0,0,1,0,0,0,0,0,,,"Animalia","Arthropoda","Insecta","Diptera","Tephritoidea","Tephritidae",,,"Terrestrial","Adult",,,,"TEDIPT",,,
278,"OXSP","Coleoptera: Oedemeridae: Oxacis spp. (Adult)","false blister beetles",0,0,1,0,0,0,0,0,,,"Animalia","Arthropoda","Insecta","Coleoptera","Tenebrionoidea","Oedemeridae","Oxacis",,"Terrestrial","Adult",,,,"TECOLE",,,
279,"OESP","Trichoptera: Leptoceridae: Oecetis spp. (Adult)","",0,0,1,0,0,0,0,0,,,"Animalia","Arthropoda","Insecta","Trichoptera",,"Leptoceridae","Oecetis",,"Aquatic","Adult","Predator","5",,"AQTRIC",,,
280,"PTIL","Coleoptera: Ptylodactylidae (Adult)","",0,0,1,0,0,0,0,0,,,"Animalia","Arthropoda","Insecta","Coleoptera","Byrrhoidea","Ptylodactylidae",,,"Terrestrial","Adult",,,,"TECOLE",,,
281,"GUSP","Trichoptera: Sericostomatidae: Gumaga spp. (Adult)","",0,0,1,0,0,0,0,0,,,"Animalia","Arthropoda","Insecta","Trichoptera",,"Sericostomatidae","Gumaga",,"Aquatic","Adult",,"3",,"AQTRIC",,,
282,"SILP","Coleoptera: Silphidae (Adult)","carrion beetle",0,0,1,0,0,0,0,0,,,"Animalia","Arthropoda","Insecta","Coleoptera","Staphylinoidea","Silphidae",,,"Terrestrial","Adult",,,,"TECOLE",,,
283,"BOST","Coleoptera: Bostrichidae (Adult)","",0,0,1,0,0,0,0,0,,,"Animalia","Arthropoda","Insecta","Coleoptera","Bostrichoidea","Bostrichidae",,,"Terrestrial","Adult",,,,"TECOLE",,,
284,"TIPM","Diptera (Adult)","Infraorder Tipulomorpha",0,0,1,0,0,1,0,1,,,"Animalia","Arthropoda","Insecta","Diptera","Tipulomorpha",,,,"Terrestrial","Adult",,,"possibly aquatic","TEDIPT",,,
286,"HYQU","Trichoptera: Hydropsychidae: Hydropsyche quitchupaha (Adult)",,0,0,1,0,0,0,0,0,,,"Animalia","Arthropoda","Insecta","Trichoptera",,"Hydropsychidae","Hydropsyche","quitchupaha","Aquatic","Adult","CollectorFilterer","4",,"AQTRIC",,,
287,"CHEN","Trichoptera: Hydropsychidae: Cheumatopsyche enonis (Adult)",,0,0,1,0,0,0,0,0,,,"Animalia","Arthropoda","Insecta","Trichoptera",,"Hydropsychidae","Cheumatopsyche","enonis","Aquatic","Adult","CollectorFilterer","5",,"AQTRIC",,,
288,"SMSI","Trichoptera: Hydropsychidae: Smicridea signata (Adult)",,0,0,1,0,0,0,0,0,,,"Animalia","Arthropoda","Insecta","Trichoptera",,"Hydropsychidae","Smicridea","signata","Aquatic","Adult","CollectorFilterer","4",,"AQTRIC",,,
289,"TAEN","Plecoptera: Taeniopterygidae (Adult)","Winter Stonefly",0,0,1,0,0,0,0,0,,,"Animalia","Arthropoda","Insecta","Plecoptera",,"Taeniopterygidae",,,"Aquatic","Adult","Shredder","2",,"AQPLEC",,,
290,"SESP","Trichoptera: Leptoceridae: Setodes spp. (Adult)",,0,0,1,0,0,0,0,0,,,"Animalia","Arthropoda","Insecta","Trichoptera",,"Leptoceridae","Setodes",,"Aquatic","Adult","CollectorGatherer","2",,"AQTRIC",,,
291,"HEPT","Ephemeroptera: Heptageniidae (Adult)","flat head mayfly adults",0,0,1,0,1,0,0,0,,,"Animalia","Arthropoda","Insecta","Ephemeroptera",,"Heptageniidae",,,"Aquatic","Adult","ScraperGrazer","3",,"AQEPHE",,,
292,"NEGR","Trichoptera: Leptoceridae: Nectopsyche gracilis (Adult)",,0,0,1,0,0,0,0,0,,,"Animalia","Arthropoda","Insecta","Trichoptera",,"Leptoceridae","Nectopsyche","gracilis","Aquatic","Adult","CollectorGatherer","4",,"AQTRIC",,,
293,"DRCA","Lepidoptera: Erebidae: Drasteria canescens (Adult)",,0,0,1,0,0,0,0,0,,,"Animalia","Arthropoda","Insecta","Lepidoptera",,"Erebidae","Drasteria","canescens","Terrestrial","Adult",,,,"TELEPI",,,
294,"OCHO","Coleoptera: Ochodaeidae (Adult)","sand loving scarab beetles",0,0,1,0,0,0,0,0,,,"Animalia","Arthropoda","Insecta","Coleoptera",,"Ochodaeidae",,,"Terrestrial","Adult",,,,"TECOLE",,,
295,"HYDD","Hemiptera: Hydrometridae: Hydrometra spp.",,0,0,1,0,0,0,0,0,,,"Animalia","Arthropoda","Insecta","Hemiptera",,"Hydrometridae","Hydrometra",,"Terrestrial",,,,,"TEHEMI",,,
296,"NEDO","Trichoptera: Leptoceridae: Nectopsyche dorsalis (Adult)",,0,0,1,0,0,0,0,0,,,"Animalia","Arthropoda","Insecta","Trichoptera",,"Leptoceridae","Nectopsyche","dorsalis","Aquatic","Adult","CollectorGatherer","4",,"AQTRIC",,,
297,"PLEC","Plecoptera (Adult)","stonefly",0,0,1,0,1,0,0,0,,,"Animalia","Arthropoda","Insecta","Plecoptera",,,,,"Aquatic","Adult",,,,"AQPLEC",,,
298,"ISSP","Plecoptera: Capniidae: Isocapnia spp. (Adult)","small winter stonefly",0,0,1,0,0,0,0,0,,,"Animalia","Arthropoda","Insecta","Plecoptera","Numouroidea","Capniidae","Isocapnia",,"Aquatic","Adult","Shredder","3",,"AQPLEC",,,
300,"CULP","Diptera: Culicidae (Pupa)","mosquito pupae",0,0,0,1,1,0,0,0,,,"Animalia","Arthropoda","Insecta","Diptera",,"Culicidae",,,"Aquatic","Pupa","CollectorFilterer","8",,"AQDIPT",,,
301,"EREB","Lepidoptera: Erebidae","tiger moths",0,0,1,0,0,0,0,0,,,"Animalia","Arthropoda","Insecta","Lepidoptera",,"Erebidae",,,"Terrestrial",,,,,"TELEPI",,,
302,"BARN","Lepidoptera: Erebidae: Cisthene barnesii","Barnes lichen moth",0,0,1,0,0,0,0,0,,,"Animalia","Arthropoda","Insecta","Lepidoptera",,"Erebidae","Cisthene","barnesii","Terrestrial",,,,,"TELEPI",,,
303,"HYAU","Trichoptera: Hydropsychidae: Hydropsyche auricolor (Adult)","Hydropsyche auricolor adults",0,0,1,0,1,0,0,0,,,"Animalia","Arthropoda","Insecta","Trichoptera",,"Hydropsychidae","Hydropsyche","auricolor","Aquatic","Adult","CollectorFilterer","4",,"AQTRIC",,,
304,"TRAS","Ephemeroptera: Leptohyphidae: Tricorythodes (Asioplax) (Adult)",,0,0,1,0,0,0,0,0,,,"Animalia","Arthropoda","Insecta","Ephemeroptera",,"Leptohyphidae","Tricorythodes","(Asioplax)","Aquatic","Adult","CollectorGatherer","4","Asioplax is a sub-genus","AQEPHE",,,
305,"CASP","Ephemeroptera: Baetidae: Camelobaetidius spp. (Adult)",,0,0,1,0,0,0,0,0,,,"Animalia","Arthropoda","Insecta","Ephemeroptera",,"Baetidae","Camelobaetidius",,"Aquatic","Adult","CollectorGatherer","5",,"AQEPHE",,,
306,"AMEL","Ephemeroptera: Ameletidae: Ameletus spp. (Adult)","brown dun",0,0,1,0,0,0,0,0,,,"Animalia","Arthropoda","Insecta","Ephemeroptera",,"Ameletidae","Ameletus",,"Aquatic","Adult","CollectorGatherer","0",,"AQEPHE",,,
307,"EPAL_F","Ephemeroptera: Polymitarcyidae: Ephoron album (Adult)","white fly",0,0,1,0,0,0,0,0,,,"Animalia","Arthropoda","Insecta","Ephemeroptera",,"Polymitarcyidae","Ephoron","album","Aquatic","Adult","CollectorGatherer","2","FEMALES","AQEPHE",,,
308,"OEAV","Trichoptera: Leptoceridae: Oecetis avara (Adult)","Long horn sedges",0,0,1,0,0,0,0,0,,,"Animalia","Arthropoda","Insecta","Trichoptera",,"Leptoceridae","Oecetis","avara","Aquatic","Adult","Predator","5","SPECIES GROUP, needs taxonomic resolution for west, we likely have several species","AQTRIC",,,
309,"RAPH","Raphidoptera: Raphidiidae","snake flies",0,0,1,0,0,0,0,0,,,"Animalia","Arthropoda","Insecta","Raphidoptera",,"Raphidiidae",,,"Terrestrial",,,,,"TENEUR",,,
310,"LPSP","Trichoptera: Leptoceridae: Leptocerus spp. (Adult)",,0,0,1,0,0,0,0,0,,,"Animalia","Arthropoda","Insecta","Trichoptera",,"Leptoceridae","Leptocerus",,"Aquatic","Adult","Shredder","4",,"AQTRIC",,,
311,"EPAL_M","Ephemeroptera: Polymitarcyidae: Ephoron album (Adult)","white fly",0,0,1,0,0,0,0,0,,,"Animalia","Arthropoda","Insecta","Ephemeroptera",,"Polymitarcyidae","Ephoron","album","Aquatic","Adult","CollectorGatherer","2","MALES","AQEPHE",,,
312,"TRAV","Ephemeroptera: Leptophlebiidae: Traverella spp. (Adult)",,0,0,1,0,0,0,0,0,,,"Animalia","Arthropoda","Insecta","Ephemeroptera",,"Leptophlebiidae","Traverella",,"Aquatic","Adult","CollectorGatherer","3",,"AQEPHE",,,
313,"BRHA","Ephemeroptera: Caenidae: Brachycercus harisella (Adult)","Angeler's curse!",0,0,1,0,0,0,0,0,,,"Animalia","Arthropoda","Insecta","Ephemeroptera",,"Caenidae","Brachycercus","harisella","Aquatic","Adult","CollectorGatherer","3",,"AQEPHE",,,
314,"ACER","Ephemeroptera: Baetidae: Acerpenna spp. (Adult)","tiny blue winged olive",0,0,1,0,0,0,0,0,,,"Animalia","Arthropoda","Insecta","Ephemeroptera",,"Baetidae","Acerpenna",,"Aquatic","Adult","CollectorGatherer","5",,"AQEPHE",,,
315,"EPAL","Ephemeroptera: Polymitarcyidae: Ephoron album (Adult)","white fly",0,0,1,0,0,0,0,0,,,"Animalia","Arthropoda","Insecta","Ephemeroptera",,"Polymitarcyidae","Ephoron","album","Aquatic","Adult","CollectorGatherer","2","all sex","AQEPHE",,,
316,"TRAB","Ephemeroptera: Leptoblephiidae: Traverella albertana (Adult)",,0,0,1,0,0,0,0,0,,,"Animalia","Arthropoda","Insecta","Ephemeroptera",,"Leptoblephiidae","Traverella","albertana","Aquatic","Adult","CollectorGatherer","4",,"AQEPHE",,,
317,"HYCA","Trichoptera: Hydropsychidae: Hydropsyche californica (Adult)",,0,0,1,0,0,0,0,0,,,"Animalia","Arthropoda","Insecta","Trichoptera",,"Hydropsychidae","Hydropsyche","californica","Aquatic","Adult","CollectorFilterer","4",,"AQTRIC",,,
318,"ANAB","Trichoptera: Limnephilidae: Anabolia bimaculata (Adult)",,0,0,1,0,0,0,0,0,,,"Animalia","Arthropoda","Insecta","Trichoptera",,"Limnephilidae","Anabolia","bimaculata","Aquatic","Adult","Shredder","4",,"AQTRIC",,,
319,"NELA","Trichoptera: Leptoceridae: Nectopsyche lahtonensis (Adult)",,0,0,1,0,0,0,0,0,,,"Animalia","Arthropoda","Insecta","Trichoptera",,"Leptoceridae","Nectopsyche","lahtonensis","Aquatic","Adult","CollectorGatherer","4",,"AQTRIC",,,
320,"POCI","Trichoptera: Polycentropodidae: Polycentropus cinerus (Adult)",,0,0,1,0,0,0,0,0,,,"Animalia","Arthropoda","Insecta","Trichoptera",,"Polycentropodidae","Polycentropus","cinerus","Aquatic","Adult","Predator","6",,"AQTRIC",,,
321,"CHAN","Trichoptera: Hydropsychidae: Cheumatopsyche analis (Adult)",,0,0,1,0,0,0,0,0,,,"Animalia","Arthropoda","Insecta","Trichoptera",,"Hydropsychidae","Cheumatopsyche","analis","Aquatic","Adult","CollectorFilterer","5",,"AQTRIC",,,
322,"LEPH","Ephemeroptera: Leptophlebiidae (Adult)","prong-gilled mayflies",0,0,1,0,0,0,0,0,,,"Animalia","Arthropoda","Insecta","Ephemeroptera",,"Leptophlebiidae",,,"Aquatic","Adult","CollectorGatherer","3",,"AQEPHE",,,
323,"CAEN","Ephemeroptera: Caenidae (Adult)","small squaregilled mayflies",0,0,1,0,0,0,0,0,,,"Animalia","Arthropoda","Insecta","Ephemeroptera",,"Caenidae",,,"Aquatic","Adult","CollectorGatherer","6",,"AQEPHE",,,
324,"TRAE","Trichoptera: Leptoceridae: Triaenodes grisea (Adult)",,0,0,1,0,0,0,0,0,,,"Animalia","Arthropoda","Insecta","Trichoptera",,"Leptoceridae","Triaenodes","grisea","Aquatic","Adult","Shredder","6",,"AQTRIC",,,
325,"POFL","Trichoptera: Hydropsychidae: Psychomyia flavida (Adult)",,0,0,1,0,0,0,0,0,,,"Animalia","Arthropoda","Insecta","Trichoptera",,"Hydropsychidae","Psychomyia","flavida","Aquatic","Adult","CollectorGatherer","2",,"AQTRIC",,,
326,"ALLO","Trichoptera: Apataniidae: Allomyia spp. (Adult)",,0,0,1,0,0,0,0,0,,,"Animalia","Arthropoda","Insecta","Trichoptera",,"Apataniidae","Allomyia",,"Aquatic","Adult","ScraperGrazer","3",,"AQTRIC",,,
327,"UENO","Trichoptera: Uenoidea (Adult)",,0,0,1,0,0,0,0,0,,,"Animalia","Arthropoda","Insecta","Trichoptera",,"Uenoidea",,,"Aquatic","Adult","ScraperGrazer","3",,"AQTRIC",,,
328,"NEDI","Trichoptera: Leptoceridae: Nectopsyche diarina (Adult)",,0,0,1,0,0,0,0,0,,,"Animalia","Arthropoda","Insecta","Trichoptera",,"Leptoceridae","Nectopsyche","diarina","Aquatic","Adult","CollectorGatherer","4",,"AQTRIC",,,
329,"SUnPR","Ephemeroptera: Caenidae: Susperatus nr. Prudens (Adult)",,0,0,1,0,0,0,0,0,,,"Animalia","Arthropoda","Insecta","Ephemeroptera",,"Caenidae","Susperatus","nr. Prudens","Aquatic","Adult","CollectorGatherer","6","D. Ruiter original ID","AQEPHE",,,
330,"ACEN","Ephemeroptera: Baetidae: Acentrella spp. (Adult)",,0,0,1,0,0,0,0,0,,,"Animalia","Arthropoda","Insecta","Ephemeroptera",,"Baetidae","Acentrella",,"Aquatic","Adult","CollectorGatherer","4",,"AQEPHE",,,
331,"BRAM","Trichoptera: Brachycentridae: Brachycentrus americanus (Adult)",,0,0,1,0,0,0,0,0,,,"Animalia","Arthropoda","Insecta","Trichoptera",,"Brachycentridae","Brachycentrus","americanus","Aquatic","Adult","Shredder","1",,"AQTRIC",,,
332,"HYCO","Trichoptera: Hydropsychidae: Hydropsyche confusa (Adult)",,0,0,1,0,0,0,0,0,,,"Animalia","Arthropoda","Insecta","Trichoptera",,"Hydropsychidae","Hydropsyche","confusa","Aquatic","Adult","CollectorFilterer","4",,"AQTRIC",,,
333,"SMFA","Trichoptera: Hydropsychidae: Smicridea fasciatella (Adult)",,0,0,1,0,0,0,0,0,,,"Animalia","Arthropoda","Insecta","Trichoptera",,"Hydropsychidae","Smicridea","fasciatella","Aquatic","Adult","CollectorFilterer","4",,"AQTRIC",,,
334,"THRA","Ephemeroptera: Leptophlebiidae: Thraulodes spp. (Adult)",,0,0,1,0,0,0,0,0,,,"Animalia","Arthropoda","Insecta","Ephemeroptera",,"Leptophlebiidae","Thraulodes",,"Aquatic","Adult","CollectorGatherer","4",,"AQEPHE",,,
335,"ISOA","Isopoda","aquatic isopods",0,0,0,1,1,0,0,0,,,"Animalia","Arthropoda","Malacostraca","Isopoda",,,,,"Aquatic",,"CollectorGatherer","8",,"AQISOP",,,
336,"ELOP","Coleoptera: Elmidae: Optioservus spp. (Larva)","four-spot riffle beetle larvae",0,0,0,1,1,0,0,0,,,"Animalia","Arthropoda","Insecta","Coleoptera","Byrrhoidea","Elmidae","Optioservus",,"Aquatic","Larva","ScraperGrazer","4",,"AQCOLE",,,
337,"BAEL","Ephemeroptera: Baetidae: Baetis spp. (Larva)","baetid larvae",0,0,0,1,1,0,0,0,,,"Animalia","Arthropoda","Insecta","Ephemeroptera",,"Baetidae","Baetis",,"Aquatic","Larva","CollectorGatherer","6",,"AQEPHE",,,
338,"ELLL","Ephemeroptera: Ephemerellidae: Ephemerella spp. (Larva)","pale morning dun larvae",0,0,0,0,1,0,0,0,,,"Animalia","Arthropoda","Insecta","Ephemeroptera",,"Ephemerellidae","Ephemerella",,"Aquatic","Larva","CollectorGatherer","1",,"AQEPHE",,,
339,"ELLA","Ephemeroptera: Ephemerellidae (Adult)","spiny crawler mayfly adults",0,0,0,0,1,0,0,0,,,"Animalia","Arthropoda","Insecta","Ephemeroptera",,"Ephemerellidae",,,"Aquatic","Adult","CollectorGatherer","1",,"AQEPHE",,,
340,"HEPL","Ephemeroptera: Heptageniidae (Larva)","flat head mayfly larvae",0,0,0,0,1,0,0,0,,,"Animalia","Arthropoda","Insecta","Ephemeroptera",,"Heptageniidae",,,"Aquatic","Larva","ScraperGrazer","3",,"AQEPHE",,,
341,"TRCL","Ephemeroptera: Leptohyphidae: Tricorythodes spp. (Larva)","trico larvae",0,0,0,0,1,0,0,0,,,"Animalia","Arthropoda","Insecta","Ephemeroptera",,"Leptohyphidae","Tricorythodes",,"Aquatic","Larva","CollectorGatherer","4",,"AQEPHE",,,
342,"LPTA","Ephemeroptera: Leptohyphidae (Adult)","little stout crawler mayfly adults",0,0,0,0,1,0,0,0,,,"Animalia","Arthropoda","Insecta","Ephemeroptera",,"Leptohyphidae",,,"Aquatic","Adult","CollectorGatherer","4",,"AQEPHE",,,
343,"ISLA","Plecoptera: Perlodidae: Isoperla spp. (Larva)","yellow sally larvae",0,0,0,0,1,0,0,0,,,"Animalia","Arthropoda","Insecta","Plecoptera",,"Perlodidae","Isoperla",,"Aquatic","Larva","Predator","2",,"AQPLEC",,,
344,"HYLA","Trichoptera: Hydroptilidae: Hydroptila spp. (Larva)","varicolored microcaddisly larvae",0,0,0,1,1,0,0,0,,,"Animalia","Arthropoda","Insecta","Trichoptera",,"Hydroptilidae","Hydroptila",,"Aquatic","Larva","ScraperGrazer","6",,"AQTRIC",,,
345,"CONY","Neuroptera: Coniopterygidae","dustywings",0,0,1,0,0,0,0,0,,,"Animalia","Arthropoda","Insecta","Neuroptera",,"Coniopterygidae",,,"Terrestrial",,,,,"TENEUR",,,
346,"NEUR","Neuroptera",,0,0,1,0,0,1,0,1,,,"Animalia","Arthropoda","Insecta","Neuroptera",,,,,"Terrestrial",,,,,"TENEUR",,,
347,"CRAM","Lepidoptera: Crambidae (Larva)","aquatic caterpillar",0,0,0,0,1,0,0,0,,,"Animalia","Arthropoda","Insecta","Lepidoptera",,"Crambidae",,,"Aquatic","Larva","Shredder","5",,"AQLEPI",,,
348,"COEN","Odonata: Coenagrionidae (Larva)","Narrow-winged damselfly larvae",0,0,0,1,1,0,0,0,,,"Animalia","Arthropoda","Insecta","Odonata","Zygoptera (Suborder)","Coenagrionidae",,,"Aquatic","Larva","Predator","8",,"AQODON",,,
349,"BRAS","Trichoptera: Brachycentridae: Brachycentrus spp. (Larva)","Humpless caddisfly larvae",0,0,0,0,1,0,0,0,,,"Animalia","Arthropoda","Insecta","Trichoptera",,"Brachycentridae","Brachycentrus",,"Aquatic","Larva","Shredder","1",,"AQTRIC",,,
350,"ANAG","Trichoptera: Glossosomatidae: Anagapetus spp. (Larva)","Saddle-casemaker caddisfly larvae",0,0,0,0,1,0,0,0,,,"Animalia","Arthropoda","Insecta","Trichoptera",,"Glossosomatidae","Anagapetus",,"Aquatic","Larva","ScraperGrazer","1",,"AQTRIC",,,
351,"GYRN","Coleoptera: Gyrinudae: Gyrinus spp. (Larva)","Whirligig beetle larvae",0,0,0,0,1,0,0,0,,,"Animalia","Arthropoda","Insecta","Coleoptera",,"Gyrinudae","Gyrinus",,"Aquatic","Larva","Predator","4",,"AQCOLE",,,
352,"METR","Trichoptera: Hydroptilidae: Metrichia spp. (Larva)","Microcaddisly larvae",0,0,0,0,1,0,0,0,,,"Animalia","Arthropoda","Insecta","Trichoptera",,"Hydroptilidae","Metrichia",,"Aquatic","Larva",,"4",,"AQTRIC",,,
353,"NECT","Trichoptera: Leptoceridae: Nectopsyche spp. (Larva)","long-horned caddisfly larvae",0,0,0,0,1,0,0,0,,,"Animalia","Arthropoda","Insecta","Trichoptera",,"Leptoceridae","Nectopsyche",,"Aquatic","Larva","CollectorGatherer","4",,"AQTRIC",,,
354,"HYDN","Coleoptera: Elmidae: Hydaena spp. (Larva)","riffle beetle larvae",0,0,0,0,1,0,0,0,,,"Animalia","Arthropoda","Insecta","Coleoptera","Byrrhoidea","Elmidae","Hydaena",,"Aquatic","Larva","ScraperGrazer","5",,"AQCOLE",,,
355,"SMIC","Trichoptera: Hydropsychidae: Smicridea spp. (Larva)","Smicridea larvae",0,0,0,0,1,0,0,0,,,"Animalia","Arthropoda","Insecta","Trichoptera",,"Hydropsychidae","Smicridea",,"Aquatic","Larva","CollectorFilterer","4",,"AQTRIC",,,
356,"PETR","Lepidoptera: Crambidae: Petrophila spp. (Adult)",,0,0,1,0,0,0,0,0,,,"Animalia","Arthropoda","Insecta","Lepidoptera",,"Crambidae","Petrophila",,"Aquatic","Adult","Shredder","5","aquatic lep, adult","AQLEPI",,,
357,"CAES","Ephemeroptera: Caenidae: Caenis spp. (Adult)",,0,0,1,0,0,0,0,0,,,"Animalia","Arthropoda","Insecta","Ephemeroptera",,"Caenidae","Caenis",,"Aquatic","Adult","CollectorGatherer","7",,"AQEPHE",,,
358,"LIHA","Trichoptera: Limnephilidae: Limnephilus hyalinus (Adult)",,0,0,1,0,0,0,0,0,,,"Animalia","Arthropoda","Insecta","Trichoptera",,"Limnephilidae","Limnephilus","hyalinus","Aquatic","Adult","Shredder","3",,"AQTRIC",,,
359,"TRSP","Trichoptera: Leptoceridae: Triaenodes spp. (Adult)",,0,0,1,0,0,0,0,0,,,"Animalia","Arthropoda","Insecta","Trichoptera",,"Leptoceridae","Triaenodes",,"Aquatic","Adult","Shredder","6",,"AQTRIC",,,
360,"CHMO","Trichoptera: Hydropsychidae: Cheumatopsyche mollala (Adult)",,0,0,1,0,0,0,0,0,,,"Animalia","Arthropoda","Insecta","Trichoptera",,"Hydropsychidae","Cheumatopsyche","mollala","Aquatic","Adult","CollectorFilterer","5",,"AQTRIC",,,
361,"LIAZ","Trichoptera: Limnephilidae: Limnephilus arizona (Adult)",,0,0,1,0,0,0,0,0,,,"Animalia","Arthropoda","Insecta","Trichoptera",,"Limnephilidae","Limnephilus","arizona","Aquatic","Adult","Shredder","3",,"AQTRIC",,,
362,"LISP","Trichoptera: Limnephilidae: Limnephilus spp. (Adult)",,0,0,1,0,0,0,0,0,,,"Animalia","Arthropoda","Insecta","Trichoptera",,"Limnephilidae","Limnephilus",,"Aquatic","Adult","Shredder","3",,"AQTRIC",,,
363,"LICA","Trichoptera: Limnephilidae: Limnephilus castor (Adult)",,0,0,1,0,0,0,0,0,,,"Animalia","Arthropoda","Insecta","Trichoptera",,"Limnephilidae","Limnephilus","castor","Aquatic","Adult","Shredder","3",,"AQTRIC",,,
364,"BRCH","Trichoptera: Brachycentridae: Brachycentrus spp. (Adult)",,0,0,1,0,0,0,0,0,,,"Animalia","Arthropoda","Insecta","Trichoptera",,"Brachycentridae","Brachycentrus",,"Aquatic","Adult","Shredder","1",,"AQTRIC",,,
365,"OECT","Trichoptera: Leptoceridae: Oecetis spp. (Adult)",,0,0,0,0,0,0,0,0,,,"Animalia","Arthropoda","Insecta","Trichoptera",,"Leptoceridae","Oecetis",,"Aquatic","Adult","Predator","5",,"AQTRIC",,,
366,"OEIN","Trichoptera: Leptoceridae: Oecetis inconspicua (Adult)",,0,0,1,0,0,0,0,0,,,"Animalia","Arthropoda","Insecta","Trichoptera",,"Leptoceridae","Oecetis","inconspicua","Aquatic","Adult","Predator","5",,"AQTRIC",,,
367,"ARGR","Trichoptera: Hydropsychidae: Arctopsyche grandis (Adult)",,0,0,1,0,0,0,0,0,,,"Animalia","Arthropoda","Insecta","Trichoptera",,"Hydropsychidae","Arctopsyche","grandis","Aquatic","Adult","CollectorFilterer","4",,"AQTRIC",,,
368,"HEXA","Ephemeroptera: Ephemeridae: Hexagenia spp. (Adult)","burrower mayfly",0,0,1,0,0,0,0,0,,,"Animalia","Arthropoda","Insecta","Ephemeroptera",,"Ephemeridae","Hexagenia",,"Aquatic","Adult","CollectorGatherer","6",,"AQEPHE",,,
369,"EPEX","Ephemeroptera: Ephemerellidae: Ephemerella excrucians (Adult)",,0,0,1,0,0,0,0,0,,,"Animalia","Arthropoda","Insecta","Ephemeroptera",,"Ephemerellidae","Ephemerella","excrucians","Aquatic","Adult","CollectorGatherer","1",,"AQEPHE",,,
370,"HYCK","Trichoptera: Hydropsychidae: Hydropsyche cockerelli (Adult)",,0,0,1,0,0,0,0,0,,,"Animalia","Arthropoda","Insecta","Trichoptera",,"Hydropsychidae","Hydropsyche","cockerelli","Aquatic","Adult","CollectorFilterer","4",,"AQTRIC",,,
371,"NEST","Trichoptera: Leptoceridae: Nectopsyche stigmatica (Adult)",,0,0,1,0,0,0,0,0,,,"Animalia","Arthropoda","Insecta","Trichoptera",,"Leptoceridae","Nectopsyche","stigmatica","Aquatic","Adult","CollectorGatherer","4",,"AQTRIC",,,
372,"HYSE","Trichoptera: Hydropsychidae: Hydropsyche seperata (Adult)",,0,0,1,0,0,0,0,0,,,"Animalia","Arthropoda","Insecta","Trichoptera",,"Hydropsychidae","Hydropsyche","seperata","Aquatic","Adult","CollectorFilterer","4",,"AQTRIC",,,
373,"MEGL","Megaloptera: Corydalidae: Corydalus spp. (Larva)","Hellgrammite",1,1,0,1,1,0,0,0,,,"Animalia","Arthropoda","Insecta","Megaloptera",,"Corydalidae","Corydalus",,"Aquatic","Larva","Predator",,,"AQMEGA",,,
374,"RHIT","Ephemeroptera: Heptageniidae: Rhitrogena spp. (Adult)","Rhithrogena sp",0,0,1,0,0,0,0,0,,,"Animalis","Arthropoda","Insecta","Ephemeroptera",,"Heptageniidae","Rhitrogena",,"Aquatic","Adult",,,,"AQEPHE",,,
375,"TRAL","Ephemeroptera: Leptophlebiidae: Traverella albertana (Adult)",,0,0,1,0,0,0,0,0,,,"Animalia","Arthropoda","Insecta","Ephemeroptera",,"Leptophlebiidae","Traverella","albertana","Aquatic","Adult",,,,"AQEPHE",,,
376,"CAAM","Ephemeroptera: Canidae: Caenis amica (Adult)","Caenis amica",0,0,1,0,0,0,0,0,,,"Animalis","Arthropoda","Insecta","Ephemeroptera",,"Canidae","Caenis","amica","Aquatic","Adult",,,,"AQEPHE",,,
377,"EPSP","Ephemeroptera: Ephemerellidae: Ephemerella spp. (Adult)","Ephemerella",0,0,1,0,0,0,0,0,,,"Animalia","Arthropoda","Insecta","Ephemeroptera",,"Ephemerellidae","Ephemerella",,"Aquatic","Adult",,,,"AQEPHE",,,
378,"LEUC","Ephemeroptera: Heptageniidae: Leucrocuta spp. (Adult)","Leucrocuta sp.",0,0,1,0,0,0,0,0,,,"Animalia","Arthropoda","Insecta","Ephemeroptera","Heptagenioidea","Heptageniidae","Leucrocuta",,"Aquatic","Adult",,,,"AQEPHE",,,
379,"SEMI","Ephemeroptera: Ephemerellidae: Serratella micheneri (Adult)","Serratella micheneri",0,0,1,0,0,0,0,0,,,"Animalia","Arthropoda","Insecta","Ephemeroptera",,"Ephemerellidae","Serratella","micheneri","Aquatic","Adult",,,,"AQEPHE",,,
380,"LSPI","Trichoptera: Limnephilidae: Limnephilus spinatus (Adult)","L. spinatus",0,0,1,0,0,0,0,0,,,"Animalia","Arthropoda","Insecta","Trichoptera",,"Limnephilidae","Limnephilus","spinatus","Aquatic","Adult",,,,"AQTRIC",,,
381,"HECO","Trichoptera: Limnephilidae: Limnephilus consimilis (Adult)",,0,0,1,0,0,0,0,0,,,"Animalia","Arthropoda","Insecta","Trichoptera",,"Limnephilidae","Limnephilus","consimilis","Aquatic","Adult",,,,"AQTRIC",,,
382,"RHBR","Trichoptera: Rhyacophilidae: Rhyacophila brunnea (Adult)","pistol penes",0,0,1,0,0,0,0,0,,,"Animalia","Arthropoda","Insecta","Trichoptera",,"Rhyacophilidae","Rhyacophila","brunnea","Aquatic","Adult",,,,"AQTRIC",,,
383,"CERS","Trichoptera: Leptoceridae: Ceraclea spp. (adult)",,0,0,1,0,0,0,0,0,,,"Animalia","Arthropoda","Insecta","Trichoptera",,"Leptoceridae","Ceraclea",,"Aquatic","adult",,,,"AQTRIC",,,
384,"BROC","Trichoptera: Brachycentridae: Brachycentrus occidentalis (adult)",,0,0,1,0,0,0,0,0,,,"Animalia","Arthropoda","Insecta","Trichoptera",,"Brachycentridae","Brachycentrus","occidentalis","Aquatic","adult",,,,"AQTRIC",,,
385,"EPTI","Ephemeroptera: Ephemerellidae: Ephemerella tibialis (adult)","Ephemerella tibialis aka Seratella tibialis",0,0,1,0,0,0,0,0,,,"Animalis","Arthropoda","Insecta","Ephemeroptera",,"Ephemerellidae","Ephemerella","tibialis","Aquatic","adult",,,"aka Seratella tibialis","AQEPHE",,,
386,"POLP","Trichoptera: Polycentropodidae: Polycentropus spp. (Adult)",,0,0,1,0,0,0,0,0,,,"Animalia","Arthropoda","Insecta","Trichoptera",,"Polycentropodidae","Polycentropus",,"Aquatic","Adult",,,,"AQTRIC",,,
387,"BRMI","Trichoptera: Brachycentridae: Micrasema spp. (Adult)",,0,0,1,0,0,0,0,0,,,"Animalia","Arthropoda","Insecta","Trichoptera",,"Brachycentridae","Micrasema",,"Aquatic","Adult",,,,"AQTRIC",,,
388,"HPER","Plecoptera: Perlidae: Hesperoperla spp. (Adult)","Golden Stonefly",0,0,1,0,0,0,0,0,,,"Animalia","Arthropoda","Insecta","Plecoptera",,"Perlidae","Hesperoperla",,"Aquatic","Adult",,,,"AQPLEC",,,
389,"DIGI","Trichoptera: Limnephilidae: Dicosmoecus gilvipes","Giant orange sedge",0,0,1,0,0,0,0,0,,,"Animalia","Arthropoda","Insecta","Trichoptera",,"Limnephilidae","Dicosmoecus","gilvipes","Aquatic",,,,,"AQTRIC",,,
390,"ISPR","Plecoptera: Perlodidae: Isoperla sp (Adult)","yellow sally",0,0,1,0,0,0,0,0,,,"Animalia","Arthropoda","Insecta","Plecoptera",,"Perlodidae","Isoperla","sp","Aquatic","Adult",,,,"AQPLEC",,,
391,"EPHS","Ephemeroptera: Ephemeridae: Ephemera sp (adult)","Ephemera",0,0,1,0,0,0,0,0,,,"Animalia","Arthropoda","Insecta","Ephemeroptera",,"Ephemeridae","Ephemera","sp","Aquatic","adult",,,,"AQEPHE",,,
392,"CHCA","Diptera: Chironomidae (Adult)",,0,0,0,0,0,1,0,1,,,"Animalia","Arthropoda","Insecta","Diptera",,"Chironomidae",,,"Aquatic","Adult",,,"midge subfamily","AQDIPT",,,
393,"CHOA","Diptera: Chironomidae (Adult)",,0,0,0,0,1,1,0,1,,,"Animalia","Arthropoda","Insecta","Diptera",,"Chironomidae",,,"Aquatic","Adult",,,"midge subfamily","AQDIPT",,,
394,"MSAT","Diptera (Adult)",,0,0,1,1,1,1,0,1,,,"Animalia","Arthropoda","Insecta","Diptera",,,,,"Terrestrial","Adult",,,"Diptera Infraorder","TEDIPT",,,
395,"BRAT","Diptera (Adult)",,0,0,0,0,0,1,0,1,,,"Animalia","Arthropoda","Insecta","Diptera",,,,,"Terrestrial","Adult",,,"Diptera Suborder","TEDIPT",,,
396,"PHIL","Araneae: Philodromidae","running crab spiders",0,0,0,0,0,0,0,0,,,"Animalia","Arthropoda","Arachnida","Araneae",,"Philodromidae",,,"Terrestrial",,,,,"TEARAC",,,
397,"PHUS","Araneae: Philodromidae: Philodromus spp.",,0,0,0,0,0,1,0,1,,,"Animalia","Arthropoda","Arachnida","Araneae",,"Philodromidae","Philodromus",,"Terrestrial",,,,,"TEARAC",,,
398,"CANT","Coleoptera: Cantharidae (Adult)","soldier beetles",0,0,0,0,0,1,0,1,,,"Animalia","Arthropoda","Insecta","Coleoptera",,"Cantharidae",,,"Terrestrial","Adult",,,,"TECOLE",,,
399,"PSOC","Psocoptera (Adult)","bark/book lice",0,0,1,0,0,1,0,1,,,"Animalia","Arthropoda","Insecta","Psocoptera",,,,,"Terrestrial","Adult",,,"Synonym Psocodea","TEPSOC",,,
400,"PSYC","Diptera: Psychodidae (Adult)","moth/sand flies",0,0,1,0,0,1,0,1,,,"Animalia","Arthropoda","Insecta","Diptera",,"Psychodidae",,,"Terrestrial","Adult",,,,"TEDIPT",,,
401,"HOMA","Araneae: Homalonychidae","dusty desert spiders",0,0,0,0,0,0,0,0,,,"Animalia","Arthropoda","Arachnida","Araneae",,"Homalonychidae",,,"Terrestrial",,,,,"TEARAC",,,
402,"HOUS","Araneae: Homalonychidae: Homalonychus spp.",,0,0,0,0,0,1,0,1,,,"Animalia","Arthropoda","Arachnida","Araneae",,"Homalonychidae","Homalonychus",,"Terrestrial",,,,,"TEARAC",,,
403,"HEMI","Hemiptera",,0,0,0,0,0,1,0,1,,,"Animalia","Arthropoda","Insecta","Hemiptera",,,,,"Terrestrial",,,,,"TEHEMI",,,
404,"EPSI","Ephemeroptera: Ephemeridae: Ephemera simulans (Adult)",,0,0,1,0,0,0,0,0,,,"Animalia","Arthropoda","Insecta","Ephemeroptera",,"Ephemeridae","Ephemera","simulans","Aquatic","Adult",,,,"AQEPHE",,,
405,"ACRO","Plecoptera: Perlidae: Acroneuria spp. (Adult)",,0,0,1,0,0,0,0,0,,,"Animalia","Arthropoda","Insecta","Plecoptera",,"Perlidae","Acroneuria",,"Aquatic","Adult",,,,"AQPLEC",,,
406,"CHLA","Trichoptera: Hydropsychidae: Cheumatopsyche lasia (Adult)",,0,0,1,0,0,0,0,0,,,"Animalia","Arthropoda","Insecta","Trichoptera",,"Hydropsychidae","Cheumatopsyche","lasia","Aquatic","Adult",,,,"AQTRIC",,,
407,"CSPE","Trichoptera: Hydropsychidae: Cheumatopsyche speciosa (Adult)",,0,0,1,0,0,0,0,0,,,"Animalia","Arthropoda","Insecta","Trichoptera",,"Hydropsychidae","Cheumatopsyche","speciosa","Aquatic","Adult",,,,"AQTRIC",,,
408,"HCOC","Trichoptera: Hydropsychidae: Hydropsyche cockerelli (Adult)",,0,0,1,0,0,0,0,0,,,"Animalia","Arthropoda","Insecta","Trichoptera",,"Hydropsychidae","Hydropsyche","cockerelli","Aquatic","Adult",,,,"AQTRIC",,,
409,"LEBI","Trichoptera: Lepidostomatidae: Lepidostoma bakeri (Adult)",,0,0,1,0,0,0,0,0,,,"Animalia","Arthropoda","Insecta","Trichoptera",,"Lepidostomatidae","Lepidostoma","bakeri","Aquatic","Adult",,,,"AQTRIC",,,
410,"NEMI","Trichoptera: Leptoceridae: Nectopsyche minuta (Adult)",,0,0,1,0,0,0,0,0,,,"Animalia","Arthropoda","Insecta","Trichoptera",,"Leptoceridae","Nectopsyche","minuta","Aquatic","Adult",,,,"AQTRIC",,,
411,"TRRU","Trichoptera: Leptoceridae: Triaenodes ruiteri (Adult)","Dave's a badass",0,0,1,0,0,0,0,0,,,"Animalia","Arthropoda","Insecta","Trichoptera",,"Leptoceridae","Triaenodes","ruiteri","Aquatic","Adult",,,,"AQTRIC",,,
412,"DIAT","Trichoptera: Limnephilidae: Dicosmoecus atripes (Adult)",,0,0,1,0,0,0,0,0,,,"Animalia","Arthropoda","Insecta","Trichoptera",,"Limnephilidae","Dicosmoecus","atripes","Aquatic","Adult",,,"MEGA!","AQTRIC",,,
413,"HEDI","Trichoptera: Limnephilidae: Hesperophylax designatus (Adult)",,0,0,1,0,0,0,0,0,,,"Animalia","Arthropoda","Insecta","Trichoptera",,"Limnephilidae","Hesperophylax","designatus","Aquatic","Adult",,,,"AQTRIC",,,
414,"ONUN","Trichoptera: Limnephilidae: Oncosmoecus unicolor (Adult)",,0,0,1,0,0,0,0,0,,,"Animalia","Arthropoda","Insecta","Trichoptera",,"Limnephilidae","Oncosmoecus","unicolor","Aquatic","Adult",,,,"AQTRIC",,,
415,"PSSU","Trichoptera: Limnephilidae: Psychoglypha subborealis (Adult)",,0,0,1,0,0,0,0,0,,,"Animalia","Arthropoda","Insecta","Trichoptera",,"Limnephilidae","Psychoglypha","subborealis","Aquatic","Adult",,,,"AQTRIC",,,
416,"TIPR","Trichoptera: Psychomyiidae: Tinodes provo (Adult)",,0,0,1,0,0,0,0,0,,,"Animalia","Arthropoda","Insecta","Trichoptera",,"Psychomyiidae","Tinodes","provo","Aquatic","Adult",,,,"AQTRIC",,,
417,"LEHY","Ephemeroptera: Leptohyphidae (Adult)",,0,0,1,0,0,0,0,0,,,"Animalia","Arthropoda","Insecta","Ephemeroptera",,"Leptohyphidae",,,"Aquatic","Adult",,,,"AQEPHE",,,
418,"NEOC","Ephemeroptera: Leptophlebiidae: Neochoroterpes spp. (Adult)",,0,0,1,0,0,0,0,0,,,"Animalia","Arthropoda","Insecta","Ephemeroptera",,"Leptophlebiidae","Neochoroterpes",,"Aquatic","Adult",,,,"AQEPHE",,,
419,"LYCO","Araneae: Lycosidae (Adult)","Wolf spider",0,0,0,0,0,0,1,0,,,"Animalia","Arthropoda","Arachnida","Araneae","Lycosoidea","Lycosidae",,,"Terrestrial","Adult","PredatorWanderer",,,"TEARAC",,,
420,"GNAP","Araneae: Gnaphosidae (Adult)","Ground spider",0,0,0,0,0,0,1,0,,,"Animalia","Arthropoda","Arachnida","Araneae","Gnaphosoidea","Gnaphosidae",,,"Terrestrial","Adult","PredatorWanderer",,,"TEARAC",,,
421,"ARAN","Araneae: Araneidae (Adult)","Orb-weaver spider",0,0,1,0,0,0,1,0,,,"Animalia","Arthropoda","Arachnida","Araneae","Araneoidea","Araneidae",,,"Terrestrial","Adult","PredatorWebbed",,,"TEARAC",,,
422,"COLA","Coleoptera (Larva)","Beetle larvae",0,0,0,0,1,0,1,0,,,"Animalia","Arthropoda","Insecta","Coleoptera",,,,,"Terrestrial","Larva","Generalist",,,"TECOLE",,,
423,"SALT","Araneae: Salticidae (Adult)","Jumping spider",0,0,0,0,0,0,1,0,,,"Animalia","Arthropoda","Arachnida","Araneae",,"Salticidae",,,"Terrestrial","Adult","PredatorGround",,,"TEARAC",,,
424,"TETR","Araneae: Tetragnathidae (Adult)","Long-jawed orb-weaver spider",0,0,0,0,0,1,1,1,,,"Animalia","Arthropoda","Arachnida","Araneae",,"Tetragnathidae",,,"Terrestrial","Adult","PredatorWebbed",,,"TEARAC",,,
425,"THOM","Araneae: Thomisidae (Adult)","Crab spider",0,0,0,0,0,0,1,0,,,"Animalia","Arthropoda","Arachnida","Araneae",,"Thomisidae",,,"Terrestrial","Adult","PredatorWanderer",,,"TEARAC",,,
426,"DELP","Hemiptera: Delphacidae (Adult)","Planthopper",0,0,0,0,0,0,1,0,,,"Animalia","Arthropoda","Insecta","Hemiptera","Fulgoroidea","Delphacidae",,,"Terrestrial","Adult","Herbivore",,,"TEHEMI",,,
427,"DICT","Araneae: Dictynidae (Adult)","Mesh web weaver spider",0,0,0,0,0,0,1,0,,,"Animalia","Arthropoda","Arachnida","Araneae",,"Dictynidae",,,"Terrestrial","Adult","PredatorWanderer",,,"TEARAC",,,
428,"OXYO","Araneae: Oxyopidae (Adult)","Lynx spider",0,0,0,0,0,0,1,0,,,"Animalia","Arthropoda","Arachnida","Araneae",,"Oxyopidae",,,"Terrestrial","Adult","PredatorWanderer",,,"TEARAC",,,
429,"LIOC","Araneae: Liocranidae (Adult)","Sac spider",0,0,0,0,0,0,1,0,,,"Animalia","Arthropoda","Arachnidae","Araneae",,"Liocranidae",,,"Terrestrial","Adult","PredatorWanderer",,,"TEARAC",,,
430,"CERC","Hemiptera: Cercopidae (Adult)","Froghopper",0,0,0,0,0,0,1,0,,,"Animalia","Arthropoda","Insecta","Hemiptera","Cercopoidea","Cercopidae",,,"Terrestrial","Adult","Herbivore",,,"TEHEMI",,,
431,"HYDE","Trichoptera: Hydropsychidae: Hydropsyche spp. (Larva)","Net-spinning caddisfly larvae",0,0,0,1,1,0,0,0,,,"Animalia","Arthropoda","Insecta","Trichoptera",,"Hydropsychidae","Hydropsyche",,"Aquatic","Larva","CollectorFilterer",,,"AQTRIC",,,
432,"LETR","Trichoptera: Hydroptilidae: Leucotrichia spp. (Larva)","Ring-horn microcaddis larvae",0,0,0,1,1,0,0,0,,,"Animalia","Arthropoda","Insecta","Trichoptera",,"Hydroptilidae","Leucotrichia",,"Aquatic","Larva","CollectorGatherer",,,"AQTRIC",,,
433,"OCHR","Trichoptera: Hydroptilidae: Ochrotrichia spp. (Larva)","Microcaddis larvae",0,0,0,1,1,0,0,0,,,"Animalia","Arthropoda","Insecta","Trichoptera",,"Hydroptilidae","Ochrotrichia",,"Aquatic","Larva","CollectorGatherer",,,"AQTRIC",,,
434,"CHIM","Trichoptera: Philopotamidae: Chimarra spp. (Larva)","Little black caddisfly larvae",0,0,0,1,0,0,0,0,,,"Animalia","Arthropoda","Insecta","Trichoptera",,"Philopotamidae","Chimarra",,"Aquatic","Larva","CollectorGatherer",,,"AQTRIC",,,
435,"HELI","Trichoptera: Helicopsychidae: Helicopsyche spp. (Larva)","Snail-cased caddis larvae",0,0,0,1,0,0,0,0,,,"Animalia","Arthropoda","Insecta","Trichoptera",,"Helicopsychidae","Helicopsyche",,"Aquatic","Larva","ScraperGrazer",,,"AQTRIC",,,
436,"ACLA","Ephemeroptera: Baetidae: Acentrella spp. (Larva)","Tiny blue-winged olive larvae",0,0,0,1,1,0,0,0,,,"Animalia","Arthropoda","Insecta","Ephemeroptera",,"Baetidae","Acentrella",,"Aquatic","Larva","CollectorGatherer",,,"AQEPHE",,,
438,"LEPT","Ephemeroptera: Leptophlebiidae (Larva)","Prong-gilled mayfly larvae",0,0,0,1,0,0,0,0,,,"Animalia","Arthropoda","Insecta","Ephemeroptera",,"Leptophlebiidae",,,"Aquatic","Larva","Shredder",,,"AQEPHE",,,
439,"CAPN","Plecoptera: Capniidae (Larva)","Small winter stonefly larvae",0,0,0,1,1,0,0,0,,,"Animalia","Arthropoda","Insecta","Plecoptera","Numouroidea","Capniidae",,,"Aquatic","Larva","Shredder",,,"AQPLEC",,,
440,"CULL","Diptera: Culicidae (Larva)","Mosquito larvae",0,0,0,1,0,0,0,0,,,"Animalia","Arthropoda","Insecta","Diptera",,"Culicidae",,,"Aquatic","Larva",,,,"AQDIPT",,,
441,"SIMM","Diptera: Simuliidae: Simulium spp. (Larva)","Blackfly larvae",0,0,0,1,0,0,0,0,,,"Animalia","Arthropoda","Insecta","Diptera",,"Simuliidae","Simulium",,"Aquatic","Larva","CollectorFilterer",,,"AQDIPT",,,
442,"WEIL","Diptera: Empididae: Weidemannia spp. (Larva)","Dagger fly larvae",0,0,0,1,1,0,0,0,,,"Animalia","Arthropoda","Insecta","Diptera","Empidoidea","Empididae","Weidemannia",,"Aquatic","Larva","Predator",,,"AQDIPT",,,
443,"WEIA","Diptera: Empididae: Weidemannia spp. (Adult)","Dagger fly adult",0,0,0,1,1,0,0,0,,,"Animalia","Arthropoda","Insecta","Diptera","Empidoidea","Empididae","Weidemannia",,"Aquatic","Adult",,,,"AQDIPT",,,
444,"HEMR","Diptera: Empididae: Hemerodromia spp. (Larva)","Dance fly larvae",0,0,0,1,1,0,0,0,,,"Animalia","Arthropoda","Insecta","Diptera","Empidoidea","Empididae","Hemerodromia",,"Aquatic","Larva","Predator",,,"AQDIPT",,,
445,"CHOL","Diptera: Chironomidae (Larva)","Orthoclad midge larvae",0,0,0,1,0,0,0,0,,,"Animalia","Arthropoda","Insecta","Diptera",,"Chironomidae",,,"Aquatic","Larva",,,"midge subfamily","AQDIPT",,,
446,"PHOL","Diptera: Phoridae (Larva)","scuttle fly larvae",0,0,0,1,1,0,0,0,,,"Animalia","Arthropoda","Insecta","Diptera","Platypezoidea","Phoridae",,,"Aquatic","Larva",,,,"AQDIPT",,,
447,"MARU","Diptera: Psychodidae: Maruina spp. (Larva)","moth/sand fly larvae",0,0,0,1,0,0,0,0,,,"Animalia","Arthropoda","Insecta","Diptera",,"Psychodidae","Maruina",,"Aquatic","Larva","CollectorGatherer",,,"AQDIPT",,,
448,"PROB","Diptera: Ceratopogonidae: Probezzia spp. (Larva)","No-see-um larvae",0,0,0,1,0,0,0,0,,,"Animalia","Arthropoda","Insecta","Diptera",,"Ceratopogonidae","Probezzia",,"Aquatic","Larva","Predator",,,"AQDIPT",,,
449,"TABS","Diptera: Tabanidae: Tabanus spp. (Larva)","horse fly larvae",0,0,0,1,0,0,0,0,,,"Animalia","Arthropoda","Insecta","Diptera",,"Tabanidae","Tabanus",,"Aquatic","Larva","Predator",,,"AQDIPT",,,
450,"CALO","Diptera: Stratiomyidae: Caloparyphus spp. (Larva)","Soldier fly larvae",0,0,0,1,0,0,0,0,,,"Animalia","Arthropoda","Insecta","Diptera",,"Stratiomyidae","Caloparyphus",,"Aquatic","Larva","CollectorGatherer",,,"AQDIPT",,,
451,"ARGI","Odonata: Coenagrionidae: Argia spp. (Larva)","Narrow-winged damselfly larvae",0,0,0,1,0,0,0,0,,,"Animalia","Arthropoda","Insecta","Odonata","Zygoptera (Suborder)","Coenagrionidae","Argia",,"Aquatic","Larva","Predator",,,"AQODON",,,
452,"MCYL","Coleoptera: Elmidae: Microcylloepus spp. (Larva)","Riffle beetle larvae",0,0,0,1,1,0,0,0,,,"Animalia","Arthropoda","Insecta","Coleoptera","Byrrhoidea","Elmidae","Microcylloepus",,"Aquatic","Larva","CollectorGatherer",,,"AQCOLE",,,
453,"PETL","Lepidoptera: Crambidae: Petrophila spp. (Larva)","Aquatic caterpillar",0,0,0,1,1,0,0,0,,,"Animalia","Arthropoda","Insecta","Lepidoptera",,"Crambidae","Petrophila",,"Aquatic","Larva","Shredder",,,"AQLEPI",,,
454,"HETA","Odonata: Calopterygidae: Hetaerina spp. (Larva)","Rubyspot damselfly larvae",0,0,0,1,0,0,0,0,,,"Animalia","Arthropoda","Insecta","Odonata",,"Calopterygidae","Hetaerina",,"Aquatic","Larva","Predator",,,"AQODON",,,
455,"FUNG","Diptera (Adult)","Fungus gnats (catch-all)",0,0,1,1,1,1,0,1,,,"Animalia","Arthropoda","Insecta","Diptera","Sciaroidea",,,,"Terrestrial","Adult",,,"Includes Sciaridae, Diadocidiidae, Ditomyiidae, Keroplatidae, Bolitophilidae, and Mycetophilidae, and Cecidomyiidae.","TEDIPT",,,
456,"MCYA","Coleoptera: Elmidae: Microcylloepus spp. (Adult)","Riffle beetle adult",0,0,1,1,1,0,0,0,,,"Animalia","Arthropoda","Insecta","Coleoptera","Byrrhoidea","Elmidae","Microcylloepus",,"Aquatic","Adult","CollectorGatherer",,,"AQCOLE",,,
457,"TABL","Diptera: Tabanidae (Larva)","horse fly larvae",0,0,0,1,0,0,0,0,,,"Animalia","Arthropoda","Insecta","Diptera",,"Tabanidae",,,"Aquatic","Larva","Predator",,,"AQDIPT",,,
458,"SIUP","Diptera: Simuliidae: Simulium spp. (Pupa)","Blackfly pupae",0,0,0,1,0,0,0,0,,,"Animalia","Arthropoda","Insecta","Diptera",,"Simuliidae","Simulium",,"Aquatic","Pupa","CollectorGatherer",,,"AQDIPT",,,
459,"SIUL","Diptera: Simuliidae: Simulium spp. (Larva)","Blackfly larvae",0,0,0,1,1,0,0,0,,,"Animalia","Arthropoda","Insecta","Diptera",,"Simuliidae","Simulium",,"Aquatic","Larva",,,,"AQDIPT",,,
460,"ELOA","Coleoptera: Elmidae: Optioservus spp. (Adult)","four-spot riffle beetle adult",0,0,0,1,1,0,0,0,,,"Animalia","Arthropoda","Insecta","Coleoptera","Byrrhoidea","Elmidae","Optioservus",,"Aquatic","Adult",,,,"AQCOLE",,,
461,"EUPA","Diptera: Stratiomyidae: Euparyphus spp. (Larva)","Soldier fly larvae",0,0,0,1,0,0,0,0,,,"Animalia","Arthropoda","Insecta","Diptera",,"Stratiomyidae","Euparyphus",,"Aquatic","Larva","CollectorGatherer",,,"AQDIPT",,,
462,"LIBE","Odonata: Libellulidae (Larva)","Dragonfly larvae",0,0,0,1,0,0,0,0,,,"Animalia","Arthropoda","Insecta","Odonata",,"Libellulidae",,,"Aquatic","Larva","Predator",,,"AQODON",,,
463,"PARA","Ephemeroptera: Leptophlebiidae: Paraleptophlebia spp. (Adult)","Blue quill mayfly larvae",0,0,0,1,0,0,0,0,,,"Animalia","Arthropoda","Insecta","Ephemeroptera",,"Leptophlebiidae","Paraleptophlebia",,"Aquatic","Adult","CollectorGatherer",,,"AQEPHE",,,
464,"POLL","Trichoptera: Polycentropodidae: Polycentropus spp. (Larva)","larvae",0,0,0,1,0,0,0,0,,,"Animalia","Arthropoda","Insecta","Trichoptera",,"Polycentropodidae","Polycentropus",,"Aquatic","Larva","Predator",,,"AQTRIC",,,
465,"SWEL","Plecoptera: Chloroperlidae: Sweltza spp. (Larva)","larvae",0,0,0,1,0,0,0,0,,,"Animalia","Arthropoda","Insecta","Plecoptera",,"Chloroperlidae","Sweltza",,"Aquatic","Larva","Predator",,,"AQPLEC",,,
467,"NEMT","Diptera (Adult)",,0,0,0,0,0,1,0,1,,,"Animalia","Arthropoda","Insecta","Diptera",,,,,"Aquatic","Adult",,,"Diptera Suborder","AQDIPT",,,
468,"ANTH","Ephemeroptera: Potamanthidae: Anthopotamus spp.","hacklegged burrower mayfly",0,0,1,0,0,0,0,0,,,"Animalia","Arthropoda","Insecta","Ephemeroptera",,"Potamanthidae","Anthopotamus",,"Aquatic",,,,,"AQEPHE",,,
469,"XIPH","Trichoptera: Xiphocentronidae",,0,0,1,0,0,0,0,0,,,"Animalia","Arthropoda","Insecta","Trichoptera",,"Xiphocentronidae",,,"Aquatic",,,,,"AQTRIC",,,
470,"HETE","Trichoptera: Calamoceratidae: Heteroplectron spp.",,0,0,1,0,0,0,0,0,,,"Animalia","Arthropoda","Insecta","Trichoptera",,"Calamoceratidae","Heteroplectron",,"Aquatic",,,,,"AQTRIC",,,
471,"PESP","Ephemeroptera: Ephemeridae: Pentagenia spp. (Adult)","riverbed burrower",0,0,1,0,0,0,0,0,,,"Animalia","Arthropoda","Insecta","Ephemeroptera",,"Ephemeridae","Pentagenia",,"Aquatic","Adult",,,"rare","AQEPHE",,,
472,"MYST","Trichoptera: Leptoceridae: Mystacides spp. (Adult)",,0,0,1,0,0,0,0,0,,,"Animalia","Arthropoda","Insecta","Trichoptera",,"Leptoceridae","Mystacides",,"Aquatic","Adult",,,,"AQTRIC",,,
473,"EPIN","Ephemeroptera: Ephemerellidae: Ephemerella inermis (Adult)",,0,0,1,0,0,0,0,0,,,"Animalia","Arthropoda","Insecta","Ephemeroptera",,"Ephemerellidae","Ephemerella","inermis","Aquatic","Adult",,,,"AQEPHE",,,
474,"QUAG","Veneroida: Dreissenidae: Dreissena bugensis (Adult)","Quagga mussel",0,1,0,1,1,0,0,0,,,"Animalia","Mollusca","Bivalvia","Veneroida","Dreissenoidea","Dreissenidae","Dreissena","bugensis","Aquatic","Adult","CollectorFilterer",,,"AQMISC",,,
475,"PISI","Veneroida: Pisidiidae (Adult)","Fingernail clam",0,1,0,1,1,0,0,0,,,"Animalia","Mollusca","Bivalvia","Veneroida","Corbiculoidea","Pisidiidae",,,"Aquatic","Adult","CollectorFilterer",,,"AQMISC",,,
476,"DYTA","Coleoptera: Dytiscidae (Adult)","Predaceous diving beetle adult",0,0,1,0,0,0,0,0,,,"Animalia","Arthropoda","Insecta","Coleoptera",,"Dytiscidae",,,"Aquatic","Adult",,,,"AQCOLE",,,
477,"DRYA","Coleoptera: Dryopidae (Adult)","Long-toed water beetle adult",0,0,1,0,0,0,0,0,,,"Animalia","Arthropoda","Insecta","Coleoptera",,"Dryopidae",,,"Aquatic","Adult",,,,"AQCOLE",,,
478,"RHAG","Hemiptera: Veliidae: Rhagovelia spp. (Adult)","Small water striders",0,0,0,1,0,0,0,0,,,"Animalia","Arthropoda","Insecta","Hemiptera",,"Veliidae","Rhagovelia",,"Aquatic","Adult","Predator",,,"AQHEMI",,,
479,"TINL","Trichoptera: Psychomyiidae: Tinodes spp. (Larva)","Net tube caddisfly larvae",0,0,0,1,0,0,0,0,,,"Animalia","Arthropoda","Insecta","Trichoptera",,"Psychomyiidae","Tinodes",,"Aquatic","Larva","CollectorGatherer",,,"AQTRIC",,,
480,"SILV","Diptera: Tabanidae: Silvius spp. (Larva)","Horsefly larva",0,0,0,1,0,0,0,0,,,"Animalia","Arthropoda","Insecta","Diptera",,"Tabanidae","Silvius",,"Aquatic","Larva",,,,"AQDIPT",,,
481,"DIXL","Diptera: Dixidae: Dixa spp. (Larva)","Meniscus midge larva",0,0,0,1,0,0,0,0,,,"Animalia","Arthropoda","Insecta","Diptera",,"Dixidae","Dixa",,"Aquatic","Larva",,,,"AQDIPT",,,
482,"WIEL","Diptera: Empididae: Wiedemannia spp. (Larva)","Dance fly larva",0,0,0,1,0,0,0,0,,,"Animalia","Arthropoda","Insecta","Diptera","Empidoidea","Empididae","Wiedemannia",,"Aquatic","Larva",,,,"AQDIPT",,,
483,"DICL","Diptera: Pediciidae: Dicranota spp. (Larva)","Hairy-eyed cranefly larva",0,0,0,1,0,0,0,0,,,"Animalia","Arthropoda","Insecta","Diptera","Tipuloidea","Pediciidae","Dicranota",,"Aquatic","Larva",,,,"AQDIPT",,,
484,"HYPP","Trichoptera: Hydropsychidae: Hydropsyche spp. (Pupa)",,0,0,0,1,0,0,0,0,,,"Animalia","Arthropoda","Insecta","Trichoptera",,"Hydropsychidae","Hydropsyche",,"Aquatic","Pupa",,,,"AQTRIC",,,
485,"WIEA","Diptera: Empididae: Wiedemannia spp. (Adult)","Dance fly adult",0,0,1,1,0,0,0,0,,,"Animalia","Arthropoda","Insecta","Diptera","Empidoidea","Empididae","Wiedemannia",,"Aquatic","Adult",,,,"AQDIPT",,,
486,"POLY","Trichoptera: Polycentropodidae (Larva)",,0,0,0,1,0,0,0,0,,,"Animalia","Arthropoda","Insecta","Trichoptera",,"Polycentropodidae",,,"Aquatic","Larva",,,,"AQTRIC",,,
487,"RHCL","Trichoptera: Rhyacophilidae: Rhyacophila coloradensis (Larva)","Green sedge caddisfly larva",0,0,0,1,0,0,0,0,,,"Animalia","Arthropoda","Insecta","Trichoptera",,"Rhyacophilidae","Rhyacophila","coloradensis","Aquatic","Larva","Predator",,,"AQTRIC",,,
488,"CAPL","Plecoptera: Capniidae: Capnia spp. (Larva)","Small winter stonefly larva",0,0,0,1,0,0,0,0,,,"Animalia","Arthropoda","Insecta","Plecoptera","Numouroidea","Capniidae","Capnia",,"Aquatic","Larva",,,,"AQPLEC",,,
489,"CAPA","Plecoptera: Capniidae (Adult)","Small winter stonefly adult",0,0,0,1,0,0,0,0,,,"Animalia","Arthropoda","Insecta","Plecoptera","Numouroidea","Capniidae",,,"Aquatic","Adult",,,,"AQPLEC",,,
490,"TAPL","Anura (Larva)","Frog or toad tadpole",0,0,0,1,0,0,0,0,,,"Animalia","Chordata","Amphibia","Anura",,,,,"Aquatic","Larva",,,,"AQMISC",,,
491,"HYEP","Trichoptera: Hydropsychidae (Pupa)","Net-spinning caddisfly pupa",0,0,0,1,0,0,0,0,,,"Animalia","Arthropoda","Insecta","Trichoptera",,"Hydropsychidae",,,"Aquatic","Pupa",,,,"AQTRIC",,,
492,"LYMN","Hygrophila: Lymnaeidae (Adult)","Snail",0,0,0,1,0,0,0,0,,,"Animalia","Mollusca","Gastropoda","Hygrophila","Lymnaeoidea","Lymnaeidae",,,"Aquatic","Adult",,,"Possibly Fossaria?","AQMISC",,,
493,"DIPP","Diptera (Pupa)","fly pupa",0,0,0,0,1,0,0,0,,,"Animalia","Arthropoda","Insecta","Diptera",,,,,"Terrestrial","Pupa",,,,"TEDIPT",,,
494,"TIPP","Diptera (pupa)","craneflies",0,0,0,0,1,0,0,0,,,"Animalia","Arthropoda","Insecta","Diptera",,,,,"Aquatic","pupa",,,,"AQDIPT",,,
495,"ELMA","Coleoptera: Elmidae (Adult)","Riffle Beetles",0,0,1,0,0,0,0,0,,,"Animalia","Arthropoda","Insecta","Coleoptera",,"Elmidae",,,"Aquatic","Adult",,,,"AQCOLE",,,
496,"ODOA","Odonata (Adult)","Damsels Dragons",0,0,1,0,1,0,0,0,,,"Anamalia","Arthropoda","Insecta","Odonata",,,,,"Aquatic","Adult","Predator",,,"AQODON",,,
497,"OLIG","N/A","segmented worms",1,0,0,1,1,0,0,0,,,"Animalia","Annelida","Clitellata","N/A",,,,,"Aquatic",,,,,"AQWORM",,,
498,"MANT","Mantodea (Adult)","Praying Mantis",0,0,1,0,0,0,0,0,,,"Animalia","Arthropoda","Insecta","Mantodea",,,,,"Terrestrial","Adult",,,,"TEMANT",,,
499,"ENOC","Coleoptera: Hydrophilidae: Enochrus spp. (Adult)","aquatic scavenger beetle",0,0,1,0,0,0,0,0,,,"Animalia","Arthropoda","Insecta","Coleoptera",,"Hydrophilidae","Enochrus",,"Aquatic","Adult",,,,"AQCOLE",,,
500,"OCTH","Diptera: Ephydridae: Octhera spp. (Adult)","Shorefly adult",0,0,1,0,0,0,0,0,,,"Animalia","Arthropoda","Insecta","Diptera",,"Ephydridae","Octhera",,"Aquatic","Adult",,,,"AQDIPT",,,
501,"DYTL","Coleoptera: Dytiscidae (Larva)",,0,0,0,0,1,0,0,0,,,"Animalia","Arthropoda","Insecta","Coleoptera",,"Dytiscidae",,,"Aquatic","Larva","predator",,,"AQCOLE",,,
